timestamp,self/other,cid,[,ctype,didx,dposition,multiplay_id,multiplay_index,],dst,<actionid>,<skillid>,iscrit,dmg,who,:,time,:,dps
5248804542837324000,cb::admg,10450202 ,[,0,0,0,1,0,],->203060509:[1|0.0.255.0],<491120>,<104502022>,dmg: ,3464, ,0: 10,(,1.55,):,[,0, , , , ,],{,2240, , , , ,},{ 埃尔菲莉丝},埃尔菲莉丝 圣天神使
5248804542840647000,cb::admg,10450202 ,[,0,0,0,1,0,],->203060509:[1|0.0.255.0],<491120>,<104502022>,dmg: ,3539, ,0: 10,(,1.88,):,[,0, , , , ,],{,3728, , , , ,},{ 埃尔菲莉丝},埃尔菲莉丝 圣天神使
5248804542842150000,cb::admg,10840201 ,[,0,0,0,5,0,],->203060509:[1|0.0.255.0],<800000>,<0>,dmg: ,488, ,0: 10 50,(,2.03,):,[,0,0, , , ,],{,3728,240, , , ,},{ 埃尔菲莉丝 塞纳},塞纳
5248804542844793000,cb::admg,10150202 ,[,0,0,0,2,0,],->203060509:[1|0.0.255.0],<100000>,<0>,dmg: ,785, ,0: 10 50 20,(,2.29,):,[,0,0,0, , ,],{,3728,240,342, , ,},{ 埃尔菲莉丝 塞纳 赛丽艾拉},赛丽艾拉
5248804542846297000,cb::admg,10840201 ,[,0,0,0,5,0,],->203060509:[1|0.0.255.0],<800001>,<0>,dmg: ,578, ,0: 10 50 20,(,2.44,):,[,0,0,0, , ,],{,3728,436,342, , ,},{ 埃尔菲莉丝 塞纳 赛丽艾拉},塞纳
5248804542849452000,cb::admg,10150202 ,[,0,0,0,2,0,],->203060509:[1|0.0.255.0],<100001>,<0>,dmg: ,881, ,0: 10 50 20,(,2.76,):,[,0,0,0, , ,],{,3728,436,603, , ,},{ 埃尔菲莉丝 塞纳 赛丽艾拉},赛丽艾拉
5248804542849621000,cb::admg,10450202 ,[,0,0,0,1,0,],->203060509:[1|0.0.255.0],<491120>,<104502022>,dmg: ,3628, ,0: 10 50 20,(,2.78,):,[,0,0,0, , ,],{,3830,436,603, , ,},{ 埃尔菲莉丝 塞纳 赛丽艾拉},埃尔菲莉丝 圣天神使
5248804542849639000,cb::admg,10450202 ,[,0,0,0,1,0,],->10450202:[0|0.0.1.0],<491120>,<104502022>,dmg: ,0, ,0: 10,(,2.78,):,[,0, , , , ,],{,0, , , , ,},{ 埃尔菲莉丝},埃尔菲莉丝 埃尔菲莉丝 圣天神使
5248804542849649000,cb::admg,10450202 ,[,0,0,0,1,0,],->10150202:[0|0.0.2.0],<491120>,<104502022>,dmg: ,0, ,0: 10,(,2.78,):,[,0, , , , ,],{,0, , , , ,},{ 埃尔菲莉丝},埃尔菲莉丝 赛丽艾拉 圣天神使
5248804542849655000,cb::admg,10450202 ,[,0,0,0,1,0,],->10750201:[0|0.0.3.0],<491120>,<104502022>,dmg: ,0, ,0: 10,(,2.78,):,[,0, , , , ,],{,0, , , , ,},{ 埃尔菲莉丝},埃尔菲莉丝 莉莉 圣天神使
5248804542849660000,cb::admg,10450202 ,[,0,0,0,1,0,],->10840201:[0|0.0.5.0],<491120>,<104502022>,dmg: ,0, ,0: 10,(,2.78,):,[,0, , , , ,],{,0, , , , ,},{ 埃尔菲莉丝},埃尔菲莉丝 塞纳 圣天神使
5248804542849665000,cb::admg,10450202 ,[,0,0,0,1,0,],->10450202:[0|0.0.1.0],<491120>,<104502022>,dmg: ,0, ,0: 10,(,2.78,):,[,0, , , , ,],{,0, , , , ,},{ 埃尔菲莉丝},埃尔菲莉丝 埃尔菲莉丝 圣天神使
5248804542849676000,cb::admg,10450202 ,[,0,0,0,1,0,],->10450202:[0|0.0.1.0],<491120>,<104502022>,dmg: ,0, ,0: 10,(,2.78,):,[,0, , , , ,],{,0, , , , ,},{ 埃尔菲莉丝},埃尔菲莉丝 埃尔菲莉丝 圣天神使
5248804542849688000,cb::admg,10450202 ,[,0,0,0,1,0,],->10150202:[0|0.0.2.0],<491120>,<104502022>,dmg: ,0, ,0: 10,(,2.78,):,[,0, , , , ,],{,0, , , , ,},{ 埃尔菲莉丝},埃尔菲莉丝 赛丽艾拉 圣天神使
5248804542849693000,cb::admg,10450202 ,[,0,0,0,1,0,],->10750201:[0|0.0.3.0],<491120>,<104502022>,dmg: ,0, ,0: 10,(,2.78,):,[,0, , , , ,],{,0, , , , ,},{ 埃尔菲莉丝},埃尔菲莉丝 莉莉 圣天神使
5248804542849697000,cb::admg,10450202 ,[,0,0,0,1,0,],->10840201:[0|0.0.5.0],<491120>,<104502022>,dmg: ,0, ,0: 10,(,2.78,):,[,0, , , , ,],{,0, , , , ,},{ 埃尔菲莉丝},埃尔菲莉丝 塞纳 圣天神使
5248804542850430000,cb::admg,10840201 ,[,0,0,0,5,0,],->203060509:[1|0.0.255.0],<800002>,<0>,dmg: ,314, ,0: 10 50 20,(,2.86,):,[,0,0,0, , ,],{,3830,483,603, , ,},{ 埃尔菲莉丝 塞纳 赛丽艾拉},塞纳
5248804542850440000,cb::admg,10750201 ,[,0,0,0,3,0,],->203060509:[1|0.0.255.0],<733001>,<107502012>,dmg: ,32838, ,0: 10 50 20 30,(,2.86,):,[,0,0,0,0, ,],{,3830,483,603,11492, ,},{ 埃尔菲莉丝 塞纳 赛丽艾拉 莉莉},莉莉 冰冻之风
5248804542852418000,cb::admg,10150202 ,[,0,0,0,2,0,],->203060509:[1|0.0.255.0],<100002>,<0>,dmg: ,1084, ,0: 10 50 20 30,(,3.06,):,[,0,0,0,0, ,],{,3830,483,900,11492, ,},{ 埃尔菲莉丝 塞纳 赛丽艾拉 莉莉},赛丽艾拉
5248804542852425000,cb::admg,10840201 ,[,0,0,0,5,0,],->203060509:[1|0.0.255.0],<800002>,<0>,dmg: ,327, ,0: 10 50 20 30,(,3.06,):,[,0,0,0,0, ,],{,3830,558,900,11492, ,},{ 埃尔菲莉丝 塞纳 赛丽艾拉 莉莉},塞纳
5248804542852432000,cb::admg,10840201 ,[,0,0,0,5,0,],->10840201:[0|0.0.5.0],<12007>,<108402012>,dmg: ,0, ,0: 10 50,(,3.06,):,[,0,0, , , ,],{,0,0, , , ,},{ 埃尔菲莉丝 塞纳},塞纳 塞纳 海军之傲
5248804542852584000,cb::admg,10840201 ,[,0,0,0,5,0,],->10450202:[0|0.0.1.0],<12007>,<108402012>,dmg: ,0, ,0: 10 50,(,3.07,):,[,0,0, , , ,],{,0,0, , , ,},{ 埃尔菲莉丝 塞纳},塞纳 埃尔菲莉丝 海军之傲
5248804542852599000,cb::admg,10840201 ,[,0,0,0,5,0,],->10150202:[0|0.0.2.0],<12007>,<108402012>,dmg: ,0, ,0: 10 50,(,3.07,):,[,0,0, , , ,],{,0,0, , , ,},{ 埃尔菲莉丝 塞纳},塞纳 赛丽艾拉 海军之傲
5248804542852605000,cb::admg,10840201 ,[,0,0,0,5,0,],->10750201:[0|0.0.3.0],<12007>,<108402012>,dmg: ,0, ,0: 10 50,(,3.07,):,[,0,0, , , ,],{,0,0, , , ,},{ 埃尔菲莉丝 塞纳},塞纳 莉莉 海军之傲
5248804542861870000,cb::admg,10450202 ,[,0,0,0,1,0,],->10450202:[0|0.0.1.0],<491110>,<104502021>,dmg: ,0, ,0: 10 50,(,4.00,):,[,0,0, , , ,],{,0,0, , , ,},{ 埃尔菲莉丝 塞纳},埃尔菲莉丝 埃尔菲莉丝 神圣决断
5248804542861883000,cb::admg,10450202 ,[,0,0,0,1,0,],->10150202:[0|0.0.2.0],<491110>,<104502021>,dmg: ,0, ,0: 10 50,(,4.00,):,[,0,0, , , ,],{,0,0, , , ,},{ 埃尔菲莉丝 塞纳},埃尔菲莉丝 赛丽艾拉 神圣决断
5248804542861890000,cb::admg,10450202 ,[,0,0,0,1,0,],->10750201:[0|0.0.3.0],<491110>,<104502021>,dmg: ,0, ,0: 10 50,(,4.00,):,[,0,0, , , ,],{,0,0, , , ,},{ 埃尔菲莉丝 塞纳},埃尔菲莉丝 莉莉 神圣决断
5248804542861894000,cb::admg,10450202 ,[,0,0,0,1,0,],->10840201:[0|0.0.5.0],<491110>,<104502021>,dmg: ,0, ,0: 10 50,(,4.00,):,[,0,0, , , ,],{,0,0, , , ,},{ 埃尔菲莉丝 塞纳},埃尔菲莉丝 塞纳 神圣决断
5248804542863049000,cb::admg,203060509 ,[,1,0,0,255,0,],->10450202:[0|0.0.1.0],<300210731>,<0>,dmg: ,1950, ,0: 10 50 2550,(,4.12,):,[,0,0,0, , ,],{,0,0,473, , ,},{ 埃尔菲莉丝 塞纳 }, 埃尔菲莉丝 真焰爆发
5248804542863266000,cb::admg,10750201 ,[,0,0,0,3,0,],->203060509:[1|0.0.255.0],<700000>,<0>,dmg: ,1311, ,0: 10 50 20 30,(,4.14,):,[,0,0,0,0, ,],{,3830,558,900,8248, ,},{ 埃尔菲莉丝 塞纳 赛丽艾拉 莉莉},莉莉
5248804542865346000,cb::admg,203060509 ,[,1,0,0,255,0,],->10840201:[0|0.0.5.0],<300210731>,<0>,dmg: ,1802, ,0: 10 50 2550,(,4.35,):,[,0,0,0, , ,],{,0,0,414, , ,},{ 埃尔菲莉丝 塞纳 }, 塞纳 真焰爆发
5248804542865362000,cb::admg,203060509 ,[,1,0,0,255,0,],->10150202:[0|0.0.2.0],<300210731>,<0>,dmg: ,2034, ,0: 10 50 2550,(,4.35,):,[,0,0,0, , ,],{,0,0,467, , ,},{ 埃尔菲莉丝 塞纳 }, 赛丽艾拉 真焰爆发
5248804542866354000,cb::admg,203060509 ,[,1,0,0,255,0,],->10750201:[0|0.0.3.0],<300210731>,<0>,dmg: ,2363, ,0: 10 50 2550,(,4.45,):,[,0,0,0, , ,],{,0,0,531, , ,},{ 埃尔菲莉丝 塞纳 }, 莉莉 真焰爆发
5248804542868222000,cb::admg,10750201 ,[,0,0,0,3,0,],->203060509:[1|0.0.255.0],<700001>,<0>,dmg: ,737, ,0: 10 50 20 30,(,4.64,):,[,0,0,0,0, ,],{,3830,558,900,7525, ,},{ 埃尔菲莉丝 塞纳 赛丽艾拉 莉莉},莉莉
5248804542868230000,cb::admg,10750201 ,[,0,0,0,3,0,],->203060509:[1|0.0.255.0],<700001>,<0>,dmg: ,733, ,0: 10 50 20 30,(,4.64,):,[,0,0,0,0, ,],{,3830,558,900,7682, ,},{ 埃尔菲莉丝 塞纳 赛丽艾拉 莉莉},莉莉
5248804542873484000,cb::admg,10840201 ,[,0,0,0,5,0,],->203060509:[1|0.0.255.0],<800000>,<0>,dmg: ,620, ,0: 10 50 20 30,(,5.16,):,[,0,465,0,0, ,],{,3830,450,900,7682, ,},{ 埃尔菲莉丝 塞纳 赛丽艾拉 莉莉},塞纳
5248804542876464000,cb::admg,10150202 ,[,0,0,0,2,0,],->203060509:[1|0.0.255.0],<100000>,<0>,dmg: ,1003, ,0: 10 50 20 30,(,5.46,):,[,0,465,750,0, ,],{,3830,450,687,7682, ,},{ 埃尔菲莉丝 塞纳 赛丽艾拉 莉莉},赛丽艾拉
5248804542880617000,cb::admg,10150202 ,[,0,0,0,2,0,],->203060509:[1|0.0.255.0],<100001>,<0>,dmg: ,1085, ,0: 10 50 20 30,(,5.88,):,[,0,465,967,0, ,],{,3830,450,823,7682, ,},{ 埃尔菲莉丝 塞纳 赛丽艾拉 莉莉},赛丽艾拉
5248804542885422000,cb::admg,10450202 ,[,0,0,0,1,0,],->203060509:[1|0.0.255.0],<400000>,<0>,dmg: ,1201, ,0: 10 50 20 30,(,6.36,):,[,2366,465,967,0, ,],{,1861,450,823,7682, ,},{ 埃尔菲莉丝 塞纳 赛丽艾拉 莉莉},埃尔菲莉丝
5248804542886725000,cb::admg,10150202 ,[,0,0,0,2,0,],->203060509:[1|0.0.255.0],<100005>,<0>,dmg: ,2256, ,0: 10 50 20 30,(,6.49,):,[,2366,465,1418,0, ,],{,1861,450,1093,7682, ,},{ 埃尔菲莉丝 塞纳 赛丽艾拉 莉莉},赛丽艾拉
5248804542887253000,cb::admg,10840201 ,[,0,0,0,5,0,],->10840201:[0|0.0.5.0],<812102>,<108402011>,dmg: ,-1116, ,0: 10 50 2550,(,6.54,):,[,0,-223,0, , ,],{,0,-170,414, , ,},{ 埃尔菲莉丝 塞纳 },塞纳 塞纳 治愈海浪
5248804542887265000,cb::admg,10840201 ,[,0,0,0,5,0,],->10450202:[0|0.0.1.0],<812102>,<108402011>,dmg: ,-1184, ,0: 10 50 2550,(,6.54,):,[,0,-236,0, , ,],{,0,-181,473, , ,},{ 埃尔菲莉丝 塞纳 },塞纳 埃尔菲莉丝 治愈海浪
5248804542887279000,cb::admg,10750201 ,[,0,0,0,3,0,],->203060509:[1|0.0.255.0],<791010>,<107502011>,dmg: ,16935, ,0: 10 50 20 30,(,6.54,):,[,2366,465,1418,10510, ,],{,1861,450,1093,8034, ,},{ 埃尔菲莉丝 塞纳 赛丽艾拉 莉莉},莉莉 花之水晶
5248804542888344000,cb::admg,10840201 ,[,0,0,0,5,0,],->10150202:[0|0.0.2.0],<812102>,<108402011>,dmg: ,-1172, ,0: 10 50 2550,(,6.65,):,[,0,-234,0, , ,],{,0,-176,467, , ,},{ 埃尔菲莉丝 塞纳 },塞纳 赛丽艾拉 治愈海浪
5248804542889553000,cb::admg,10840201 ,[,0,0,0,5,0,],->10750201:[0|0.0.3.0],<812102>,<108402011>,dmg: ,-1101, ,0: 10 50 2550,(,6.77,):,[,0,-220,0, , ,],{,0,-162,531, , ,},{ 埃尔菲莉丝 塞纳 },塞纳 莉莉 治愈海浪
5248804542893223000,cb::admg,10450202 ,[,0,0,0,1,0,],->203060509:[1|0.0.255.0],<400001>,<0>,dmg: ,1311, ,0: 10 50 20 30,(,7.14,):,[,1228,465,1418,10510, ,],{,1841,450,1093,8034, ,},{ 埃尔菲莉丝 塞纳 赛丽艾拉 莉莉},埃尔菲莉丝
5248804542898034000,cb::admg,10750201 ,[,0,0,0,3,0,],->203060509:[1|0.0.255.0],<791010>,<107502011>,dmg: ,17274, ,0: 10 50 20 30,(,7.62,):,[,1228,465,1418,13965, ,],{,1841,450,1093,9167, ,},{ 埃尔菲莉丝 塞纳 赛丽艾拉 莉莉},莉莉 花之水晶
5248804542902010000,cb::admg,203060509 ,[,1,0,0,255,0,],->10450202:[0|0.0.1.0],<300202131>,<0>,dmg: ,0, ,0: 10 50 2550,(,8.01,):,[,0,-236,390, , ,],{,0,-181,243, , ,},{ 埃尔菲莉丝 塞纳 }, 埃尔菲莉丝
5248804542903322000,cb::admg,10450202 ,[,0,0,0,1,0,],->203060509:[1|0.0.255.0],<400002>,<0>,dmg: ,2146, ,0: 10 50 20 30,(,8.15,):,[,931,465,1418,13965, ,],{,1876,450,1093,9167, ,},{ 埃尔菲莉丝 塞纳 赛丽艾拉 莉莉},埃尔菲莉丝
5248804542909965000,cb::admg,10450202 ,[,0,0,0,1,0,],->203060509:[1|0.0.255.0],<400003>,<0>,dmg: ,2382, ,0: 10 50 20 30,(,8.81,):,[,1408,465,1418,13965, ,],{,2005,450,1093,9167, ,},{ 埃尔菲莉丝 塞纳 赛丽艾拉 莉莉},埃尔菲莉丝
5248804542920573000,cb::admg,10450202 ,[,0,0,0,1,0,],->203060509:[1|0.0.255.0],<400000>,<0>,dmg: ,1284, ,0: 10 50 20 30,(,9.87,):,[,1664,465,1418,13965, ,],{,1920,450,1093,9167, ,},{ 埃尔菲莉丝 塞纳 赛丽艾拉 莉莉},埃尔菲莉丝
5248804542926935000,cb::admg,10150202 ,[,0,0,0,2,0,],->203060509:[1|0.0.255.0],<100000>,<0>,dmg: ,1022, ,0: 10 50 20 30,(,10.51,):,[,1664,465,872,13965, ,],{,1920,450,772,9167, ,},{ 埃尔菲莉丝 塞纳 赛丽艾拉 莉莉},赛丽艾拉
5248804542928365000,cb::admg,10450202 ,[,0,0,0,1,0,],->203060509:[1|0.0.255.0],<400001>,<0>,dmg: ,1236, ,0: 10 50 20 30,(,10.65,):,[,1912,465,872,13965, ,],{,1895,450,772,9167, ,},{ 埃尔菲莉丝 塞纳 赛丽艾拉 莉莉},埃尔菲莉丝
5248804542930998000,cb::admg,10150202 ,[,0,0,0,2,0,],->203060509:[1|0.0.255.0],<100001>,<0>,dmg: ,1097, ,0: 10 50 20 30,(,10.91,):,[,1912,465,875,13965, ,],{,1895,450,844,9167, ,},{ 埃尔菲莉丝 塞纳 赛丽艾拉 莉莉},赛丽艾拉
5248804542935492000,cb::admg,10750201 ,[,0,0,0,3,0,],->203060509:[1|0.0.255.0],<20713000>,<307502071>,dmg: ,7860, ,0: 10 50 20 30,(,11.36,):,[,1912,465,875,8413, ,],{,1895,450,844,6837, ,},{ 埃尔菲莉丝 塞纳 赛丽艾拉 莉莉},莉莉 赐予清澈慈爱之力！
5248804542936644000,cb::admg,10750201 ,[,0,0,0,3,0,],->203060509:[1|0.0.255.0],<20713000>,<307502071>,dmg: ,7541, ,0: 10 50 20 30,(,11.48,):,[,1912,465,875,9922, ,],{,1895,450,844,7425, ,},{ 埃尔菲莉丝 塞纳 赛丽艾拉 莉莉},莉莉 赐予清澈慈爱之力！
5248804542936651000,cb::admg,10150202 ,[,0,0,0,2,0,],->203060509:[1|0.0.255.0],<100005>,<0>,dmg: ,2322, ,0: 10 50 20 30,(,11.48,):,[,1912,465,1339,9922, ,],{,1895,450,1004,7425, ,},{ 埃尔菲莉丝 塞纳 赛丽艾拉 莉莉},赛丽艾拉
5248804542939002000,cb::admg,10750201 ,[,0,0,0,3,0,],->203060509:[1|0.0.255.0],<20713000>,<307502071>,dmg: ,7807, ,0: 10 50 20 30,(,11.71,):,[,1912,465,1339,8096, ,],{,1895,450,1004,7942, ,},{ 埃尔菲莉丝 塞纳 赛丽艾拉 莉莉},莉莉 赐予清澈慈爱之力！
5248804542940460000,cb::admg,10750201 ,[,0,0,0,3,0,],->203060509:[1|0.0.255.0],<20713000>,<307502071>,dmg: ,7440, ,0: 10 50 20 30,(,11.86,):,[,1912,465,1339,9584, ,],{,1895,450,1004,8472, ,},{ 埃尔菲莉丝 塞纳 赛丽艾拉 莉莉},莉莉 赐予清澈慈爱之力！
5248804542940467000,cb::admg,10840201 ,[,0,0,0,5,0,],->203060509:[1|0.0.255.0],<800000>,<0>,dmg: ,629, ,0: 10 50 20 30,(,11.86,):,[,1912,125,1339,9584, ,],{,1895,249,1004,8472, ,},{ 埃尔菲莉丝 塞纳 赛丽艾拉 莉莉},塞纳
5248804542945438000,cb::admg,10840201 ,[,0,0,0,5,0,],->203060509:[1|0.0.255.0],<800001>,<0>,dmg: ,757, ,0: 10 50 20 30,(,12.36,):,[,1912,277,1339,9584, ,],{,1895,300,1004,8472, ,},{ 埃尔菲莉丝 塞纳 赛丽艾拉 莉莉},塞纳
5248804542945461000,cb::admg,10450202 ,[,0,0,0,1,0,],->203060509:[1|0.0.255.0],<400000>,<0>,dmg: ,1146, ,0: 10 50 20 30,(,12.36,):,[,1638,277,1339,9584, ,],{,1726,300,1004,8472, ,},{ 埃尔菲莉丝 塞纳 赛丽艾拉 莉莉},埃尔菲莉丝
5248804542948241000,cb::admg,10840201 ,[,0,0,0,5,0,],->203060509:[1|0.0.255.0],<800002>,<0>,dmg: ,393, ,0: 10 50 20 30,(,12.64,):,[,1638,355,1339,9584, ,],{,1726,324,1004,8472, ,},{ 埃尔菲莉丝 塞纳 赛丽艾拉 莉莉},塞纳
5248804542951131000,cb::admg,10150202 ,[,0,0,0,2,0,],->203060509:[1|0.0.255.0],<100000>,<0>,dmg: ,1064, ,0: 10 50 20 30,(,12.93,):,[,1638,355,1101,9584, ,],{,1726,324,974,8472, ,},{ 埃尔菲莉丝 塞纳 赛丽艾拉 莉莉},赛丽艾拉
5248804542952557000,cb::admg,10840201 ,[,0,0,0,5,0,],->203060509:[1|0.0.255.0],<800002>,<0>,dmg: ,408, ,0: 10 50 20 30,(,13.07,):,[,1638,437,1101,9584, ,],{,1726,345,974,8472, ,},{ 埃尔菲莉丝 塞纳 赛丽艾拉 莉莉},塞纳
5248804542953053000,cb::admg,10450202 ,[,0,0,0,1,0,],->203060509:[1|0.0.255.0],<400001>,<0>,dmg: ,1241, ,0: 10 50 20 30,(,13.12,):,[,1887,437,1101,9584, ,],{,1721,345,974,8472, ,},{ 埃尔菲莉丝 塞纳 赛丽艾拉 莉莉},埃尔菲莉丝
5248804542954381000,cb::admg,10750201 ,[,0,0,0,3,0,],->203060509:[1|0.0.255.0],<700000>,<0>,dmg: ,1353, ,0: 10 50 20 30,(,13.25,):,[,1887,437,1101,6400, ,],{,1721,345,974,7684, ,},{ 埃尔菲莉丝 塞纳 赛丽艾拉 莉莉},莉莉
5248804542955545000,cb::admg,10150202 ,[,0,0,0,2,0,],->203060509:[1|0.0.255.0],<100001>,<0>,dmg: ,1171, ,0: 10 50 20 30,(,13.37,):,[,1887,437,1335,6400, ,],{,1721,345,1030,7684, ,},{ 埃尔菲莉丝 塞纳 赛丽艾拉 莉莉},赛丽艾拉
5248804542956695000,cb::admg,10840201 ,[,0,0,0,5,0,],->203060509:[1|0.0.255.0],<800003>,<0>,dmg: ,1299, ,0: 10 50 20 30,(,13.48,):,[,1887,697,1335,6400, ,],{,1721,431,1030,7684, ,},{ 埃尔菲莉丝 塞纳 赛丽艾拉 莉莉},塞纳
5248804542959697000,cb::admg,10750201 ,[,0,0,0,3,0,],->203060509:[1|0.0.255.0],<700001>,<0>,dmg: ,733, ,0: 10 50 20 30,(,13.78,):,[,1887,697,1335,6546, ,],{,1721,431,1030,7441, ,},{ 埃尔菲莉丝 塞纳 赛丽艾拉 莉莉},莉莉
5248804542959704000,cb::admg,10750201 ,[,0,0,0,3,0,],->203060509:[1|0.0.255.0],<700001>,<0>,dmg: ,681, ,0: 10 50 20 30,(,13.78,):,[,1887,697,1335,6683, ,],{,1721,431,1030,7490, ,},{ 埃尔菲莉丝 塞纳 赛丽艾拉 莉莉},莉莉
5248804542962198000,cb::admg,10150202 ,[,0,0,0,2,0,],->203060509:[1|0.0.255.0],<100005>,<0>,dmg: ,2264, ,0: 10 50 20 30,(,14.03,):,[,1887,697,1788,6683, ,],{,1721,431,1142,7490, ,},{ 埃尔菲莉丝 塞纳 赛丽艾拉 莉莉},赛丽艾拉
5248804542963174000,cb::admg,10450202 ,[,0,0,0,1,0,],->203060509:[1|0.0.255.0],<400002>,<0>,dmg: ,2174, ,0: 10 50 20 30,(,14.13,):,[,1416,697,1788,6683, ,],{,1751,431,1142,7490, ,},{ 埃尔菲莉丝 塞纳 赛丽艾拉 莉莉},埃尔菲莉丝
5248804542964667000,cb::admg,10750201 ,[,0,0,0,3,0,],->203060509:[1|0.0.255.0],<700002>,<0>,dmg: ,498, ,0: 10 50 20 30,(,14.28,):,[,1416,697,1788,6782, ,],{,1751,431,1142,7264, ,},{ 埃尔菲莉丝 塞纳 赛丽艾拉 莉莉},莉莉
5248804542964676000,cb::admg,10750201 ,[,0,0,0,3,0,],->203060509:[1|0.0.255.0],<700002>,<0>,dmg: ,496, ,0: 10 50 20 30,(,14.28,):,[,1416,697,1788,6881, ,],{,1751,431,1142,7298, ,},{ 埃尔菲莉丝 塞纳 赛丽艾拉 莉莉},莉莉
5248804542964685000,cb::admg,10750201 ,[,0,0,0,3,0,],->203060509:[1|0.0.255.0],<700002>,<0>,dmg: ,494, ,0: 10 50 20 30,(,14.28,):,[,1416,697,1788,6980, ,],{,1751,431,1142,7333, ,},{ 埃尔菲莉丝 塞纳 赛丽艾拉 莉莉},莉莉
5248804542965843000,cb::admg,10840201 ,[,0,0,0,5,0,],->203060509:[1|0.0.255.0],<800004>,<0>,dmg: ,1732, ,0: 10 50 20 30,(,14.40,):,[,1416,1043,1788,6980, ,],{,1751,524,1142,7333, ,},{ 埃尔菲莉丝 塞纳 赛丽艾拉 莉莉},塞纳
5248804542968306000,cb::admg,10150202 ,[,0,0,0,2,0,],->203060509:[1|0.0.255.0],<100000>,<0>,dmg: ,1101, ,0: 10 50 20 30,(,14.64,):,[,1416,1043,2008,6980, ,],{,1751,524,1170,7333, ,},{ 埃尔菲莉丝 塞纳 赛丽艾拉 莉莉},赛丽艾拉
5248804542969839000,cb::admg,10450202 ,[,0,0,0,1,0,],->203060509:[1|0.0.255.0],<400003>,<0>,dmg: ,2177, ,0: 10 50 20 30,(,14.80,):,[,1851,1043,2008,6980, ,],{,1819,524,1170,7333, ,},{ 埃尔菲莉丝 塞纳 赛丽艾拉 莉莉},埃尔菲莉丝
5248804542972105000,cb::admg,10750201 ,[,0,0,0,3,0,],->203060509:[1|0.0.255.0],<700003>,<0>,dmg: ,1009, ,0: 10 50 20 30,(,15.02,):,[,1851,1043,2008,7182, ,],{,1819,524,1170,7038, ,},{ 埃尔菲莉丝 塞纳 赛丽艾拉 莉莉},莉莉
5248804542972112000,cb::admg,10750201 ,[,0,0,0,3,0,],->203060509:[1|0.0.255.0],<700003>,<0>,dmg: ,1024, ,0: 10 50 20 30,(,15.02,):,[,1851,1043,2008,7387, ,],{,1819,524,1170,7105, ,},{ 埃尔菲莉丝 塞纳 赛丽艾拉 莉莉},莉莉
5248804542972117000,cb::admg,10150202 ,[,0,0,0,2,0,],->203060509:[1|0.0.255.0],<100001>,<0>,dmg: ,1067, ,0: 10 50 20 30,(,15.03,):,[,1851,1043,2221,7387, ,],{,1819,524,1211,7105, ,},{ 埃尔菲莉丝 塞纳 赛丽艾拉 莉莉},赛丽艾拉
5248804542976769000,cb::admg,10840201 ,[,0,0,0,5,0,],->203060509:[1|0.0.255.0],<800000>,<0>,dmg: ,630, ,0: 10 50 20 30,(,15.49,):,[,1851,1169,2221,7387, ,],{,1819,527,1211,7105, ,},{ 埃尔菲莉丝 塞纳 赛丽艾拉 莉莉},塞纳
5248804542981084000,cb::admg,10450202 ,[,0,0,0,1,0,],->203060509:[1|0.0.255.0],<400000>,<0>,dmg: ,1179, ,0: 10 50 20 30,(,15.92,):,[,1583,1169,2221,7387, ,],{,1765,527,1211,7105, ,},{ 埃尔菲莉丝 塞纳 赛丽艾拉 莉莉},埃尔菲莉丝
5248804542981727000,cb::admg,10840201 ,[,0,0,0,5,0,],->203060509:[1|0.0.255.0],<800001>,<0>,dmg: ,751, ,0: 10 50 20 30,(,15.99,):,[,1583,1319,2221,7387, ,],{,1765,558,1211,7105, ,},{ 埃尔菲莉丝 塞纳 赛丽艾拉 莉莉},塞纳
5248804542982401000,cb::admg,10750201 ,[,0,0,0,3,0,],->203060509:[1|0.0.255.0],<700004>,<0>,dmg: ,815, ,0: 10 50 20 30,(,16.05,):,[,1583,1319,2221,7550, ,],{,1765,558,1211,6701, ,},{ 埃尔菲莉丝 塞纳 赛丽艾拉 莉莉},莉莉
5248804542983246000,cb::admg,10150202 ,[,0,0,0,2,0,],->203060509:[1|0.0.255.0],<100000>,<0>,dmg: ,1094, ,0: 10 50 20 30,(,16.14,):,[,1583,1319,2016,7550, ,],{,1765,558,1195,6701, ,},{ 埃尔菲莉丝 塞纳 赛丽艾拉 莉莉},赛丽艾拉
5248804542983253000,cb::admg,10750201 ,[,0,0,0,3,0,],->203060509:[1|0.0.255.0],<700004>,<0>,dmg: ,498, ,0: 10 50 20 30,(,16.14,):,[,1583,1319,2016,7649, ,],{,1765,558,1195,6696, ,},{ 埃尔菲莉丝 塞纳 赛丽艾拉 莉莉},莉莉
5248804542984393000,cb::admg,10750201 ,[,0,0,0,3,0,],->203060509:[1|0.0.255.0],<700004>,<0>,dmg: ,504, ,0: 10 50 20 30,(,16.25,):,[,1583,1319,2016,7750, ,],{,1765,558,1195,6680, ,},{ 埃尔菲莉丝 塞纳 赛丽艾拉 莉莉},莉莉
5248804542985596000,cb::admg,10750201 ,[,0,0,0,3,0,],->203060509:[1|0.0.255.0],<700004>,<0>,dmg: ,463, ,0: 10 50 20 30,(,16.37,):,[,1583,1319,2016,6271, ,],{,1765,558,1195,6659, ,},{ 埃尔菲莉丝 塞纳 赛丽艾拉 莉莉},莉莉
5248804542985605000,cb::admg,10750201 ,[,0,0,0,3,0,],->203060509:[1|0.0.255.0],<700004>,<0>,dmg: ,462, ,0: 10 50 20 30,(,16.37,):,[,1583,1319,2016,6363, ,],{,1765,558,1195,6687, ,},{ 埃尔菲莉丝 塞纳 赛丽艾拉 莉莉},莉莉
5248804542985611000,cb::admg,10840201 ,[,0,0,0,5,0,],->203060509:[1|0.0.255.0],<800002>,<0>,dmg: ,393, ,0: 10 50 20 30,(,16.37,):,[,1583,1398,2016,6363, ,],{,1765,569,1195,6687, ,},{ 埃尔菲莉丝 塞纳 赛丽艾拉 莉莉},塞纳
5248804542986891000,cb::admg,10150202 ,[,0,0,0,2,0,],->203060509:[1|0.0.255.0],<100001>,<0>,dmg: ,1106, ,0: 10 50 20 30,(,16.50,):,[,1583,1398,1773,6363, ,],{,1765,569,1236,6687, ,},{ 埃尔菲莉丝 塞纳 赛丽艾拉 莉莉},赛丽艾拉
5248804542987706000,cb::admg,10840201 ,[,0,0,0,5,0,],->203060509:[1|0.0.255.0],<800002>,<0>,dmg: ,423, ,0: 10 50 20 30,(,16.58,):,[,1583,1483,1773,6363, ,],{,1765,587,1236,6687, ,},{ 埃尔菲莉丝 塞纳 赛丽艾拉 莉莉},塞纳
5248804542988894000,cb::admg,10450202 ,[,0,0,0,1,0,],->203060509:[1|0.0.255.0],<400001>,<0>,dmg: ,1215, ,0: 10 50 20 30,(,16.70,):,[,1826,1483,1773,6363, ,],{,1755,587,1236,6687, ,},{ 埃尔菲莉丝 塞纳 赛丽艾拉 莉莉},埃尔菲莉丝
5248804542990690000,cb::admg,10150202 ,[,0,0,0,2,0,],->203060509:[1|0.0.255.0],<100002>,<0>,dmg: ,1339, ,0: 10 50 20 30,(,16.88,):,[,1826,1483,2041,6363, ,],{,1755,587,1287,6687, ,},{ 埃尔菲莉丝 塞纳 赛丽艾拉 莉莉},赛丽艾拉
5248804542994017000,cb::admg,10840201 ,[,0,0,0,5,0,],->203060509:[1|0.0.255.0],<800003>,<0>,dmg: ,1310, ,0: 10 50 20 30,(,17.22,):,[,1826,1619,2041,6363, ,],{,1755,641,1287,6687, ,},{ 埃尔菲莉丝 塞纳 赛丽艾拉 莉莉},塞纳
5248804542995498000,cb::admg,10750201 ,[,0,0,0,3,0,],->203060509:[1|0.0.255.0],<700000>,<0>,dmg: ,1314, ,0: 10 50 20 30,(,17.36,):,[,1826,1619,2041,2068, ,],{,1755,641,1287,6382, ,},{ 埃尔菲莉丝 塞纳 赛丽艾拉 莉莉},莉莉
5248804542995513000,cb::admg,10450202 ,[,0,0,0,1,0,],->10450202:[0|0.0.1.0],<491110>,<104502021>,dmg: ,0, ,0: 10 50 2550,(,17.36,):,[,0,-236,390, , ,],{,0,-181,243, , ,},{ 埃尔菲莉丝 塞纳 },埃尔菲莉丝 埃尔菲莉丝 神圣决断
5248804542995528000,cb::admg,10450202 ,[,0,0,0,1,0,],->10150202:[0|0.0.2.0],<491110>,<104502021>,dmg: ,0, ,0: 10 50 2550,(,17.37,):,[,0,-234,0, , ,],{,0,-176,467, , ,},{ 埃尔菲莉丝 塞纳 },埃尔菲莉丝 赛丽艾拉 神圣决断
5248804542995534000,cb::admg,10450202 ,[,0,0,0,1,0,],->10750201:[0|0.0.3.0],<491110>,<104502021>,dmg: ,0, ,0: 10 50 2550,(,17.37,):,[,0,-220,0, , ,],{,0,-162,531, , ,},{ 埃尔菲莉丝 塞纳 },埃尔菲莉丝 莉莉 神圣决断
5248804542995541000,cb::admg,10450202 ,[,0,0,0,1,0,],->10840201:[0|0.0.5.0],<491110>,<104502021>,dmg: ,0, ,0: 10 50 2550,(,17.37,):,[,0,-223,0, , ,],{,0,-170,414, , ,},{ 埃尔菲莉丝 塞纳 },埃尔菲莉丝 塞纳 神圣决断
5248804543006280000,cb::admg,10450202 ,[,0,0,0,1,0,],->203060509:[1|0.0.255.0],<400000>,<0>,dmg: ,1468, ,0: 10 50 20 30,(,18.44,):,[,1642,1619,2041,2068, ,],{,1669,641,1287,6382, ,},{ 埃尔菲莉丝 塞纳 赛丽艾拉 莉莉},埃尔菲莉丝
5248804543010906000,cb::admg,10750201 ,[,0,0,0,3,0,],->203060509:[1|0.0.255.0],<700002>,<0>,dmg: ,588, ,0: 10 50 20 30,(,18.90,):,[,1642,1619,2041,1633, ,],{,1669,641,1287,5893, ,},{ 埃尔菲莉丝 塞纳 赛丽艾拉 莉莉},莉莉
5248804543010913000,cb::admg,10750201 ,[,0,0,0,3,0,],->203060509:[1|0.0.255.0],<700002>,<0>,dmg: ,602, ,0: 10 50 20 30,(,18.90,):,[,1642,1619,2041,1753, ,],{,1669,641,1287,5924, ,},{ 埃尔菲莉丝 塞纳 赛丽艾拉 莉莉},莉莉
5248804543011901000,cb::admg,10750201 ,[,0,0,0,3,0,],->203060509:[1|0.0.255.0],<700002>,<0>,dmg: ,596, ,0: 10 50 20 30,(,19.00,):,[,1642,1619,2041,1872, ,],{,1669,641,1287,5925, ,},{ 埃尔菲莉丝 塞纳 赛丽艾拉 莉莉},莉莉
5248804543014090000,cb::admg,10450202 ,[,0,0,0,1,0,],->203060509:[1|0.0.255.0],<400001>,<0>,dmg: ,1582, ,0: 10 50 20 30,(,19.22,):,[,1524,1619,2041,1872, ,],{,1684,641,1287,5925, ,},{ 埃尔菲莉丝 塞纳 赛丽艾拉 莉莉},埃尔菲莉丝
5248804543017880000,cb::admg,10750201 ,[,0,0,0,3,0,],->203060509:[1|0.0.255.0],<700003>,<0>,dmg: ,1264, ,0: 10 50 20 30,(,19.60,):,[,1524,1619,2041,1827, ,],{,1684,641,1287,5809, ,},{ 埃尔菲莉丝 塞纳 赛丽艾拉 莉莉},莉莉
5248804543017887000,cb::admg,10750201 ,[,0,0,0,3,0,],->203060509:[1|0.0.255.0],<700003>,<0>,dmg: ,1289, ,0: 10 50 20 30,(,19.60,):,[,1524,1619,2041,2085, ,],{,1684,641,1287,5874, ,},{ 埃尔菲莉丝 塞纳 赛丽艾拉 莉莉},莉莉
5248804543019375000,cb::admg,10150202 ,[,0,0,0,2,0,],->203060509:[1|0.0.255.0],<100001>,<0>,dmg: ,1259, ,0: 10 50 20 30,(,19.75,):,[,1524,1619,1173,2085, ,],{,1684,641,1164,5874, ,},{ 埃尔菲莉丝 塞纳 赛丽艾拉 莉莉},赛丽艾拉
5248804543021397000,cb::admg,10840201 ,[,0,0,0,5,0,],->203060509:[1|0.0.255.0],<800000>,<0>,dmg: ,742, ,0: 10 50 20 30,(,19.95,):,[,1524,849,1173,2085, ,],{,1684,591,1164,5874, ,},{ 埃尔菲莉丝 塞纳 赛丽艾拉 莉莉},塞纳
5248804543023850000,cb::admg,10450202 ,[,0,0,0,1,0,],->203060509:[1|0.0.255.0],<400000>,<0>,dmg: ,1574, ,0: 10 50 20 30,(,20.20,):,[,1403,849,1173,2085, ,],{,1680,591,1164,5874, ,},{ 埃尔菲莉丝 塞纳 赛丽艾拉 莉莉},埃尔菲莉丝
5248804543024349000,cb::admg,10150202 ,[,0,0,0,2,0,],->203060509:[1|0.0.255.0],<100005>,<0>,dmg: ,2408, ,0: 10 50 20 30,(,20.25,):,[,1403,849,1441,2085, ,],{,1680,591,1254,5874, ,},{ 埃尔菲莉丝 塞纳 赛丽艾拉 莉莉},赛丽艾拉
5248804543026853000,cb::admg,10840201 ,[,0,0,0,5,0,],->203060509:[1|0.0.255.0],<800001>,<0>,dmg: ,850, ,0: 10 50 20 30,(,20.50,):,[,1403,893,1441,2085, ,],{,1680,616,1254,5874, ,},{ 埃尔菲莉丝 塞纳 赛丽艾拉 莉莉},塞纳
5248804543028163000,cb::admg,10750201 ,[,0,0,0,3,0,],->203060509:[1|0.0.255.0],<700004>,<0>,dmg: ,1009, ,0: 10 50 20 30,(,20.63,):,[,1403,893,1441,1880, ,],{,1680,616,1254,5631, ,},{ 埃尔菲莉丝 塞纳 赛丽艾拉 莉莉},莉莉
5248804543028718000,cb::admg,10750201 ,[,0,0,0,3,0,],->203060509:[1|0.0.255.0],<700004>,<0>,dmg: ,570, ,0: 10 50 20 30,(,20.69,):,[,1403,893,1441,1994, ,],{,1680,616,1254,5643, ,},{ 埃尔菲莉丝 塞纳 赛丽艾拉 莉莉},莉莉
5248804543029499000,cb::admg,10750201 ,[,0,0,0,3,0,],->203060509:[1|0.0.255.0],<700004>,<0>,dmg: ,621, ,0: 10 50 20 30,(,20.76,):,[,1403,893,1441,2119, ,],{,1680,616,1254,5652, ,},{ 埃尔菲莉丝 塞纳 赛丽艾拉 莉莉},莉莉
5248804543029508000,cb::admg,10840201 ,[,0,0,0,5,0,],->203060509:[1|0.0.255.0],<800002>,<0>,dmg: ,487, ,0: 10 50 20 30,(,20.76,):,[,1403,991,1441,2119, ,],{,1680,632,1254,5652, ,},{ 埃尔菲莉丝 塞纳 赛丽艾拉 莉莉},塞纳
5248804543030646000,cb::admg,10750201 ,[,0,0,0,3,0,],->203060509:[1|0.0.255.0],<700004>,<0>,dmg: ,566, ,0: 10 50 20 30,(,20.88,):,[,1403,991,1441,2232, ,],{,1680,632,1254,5648, ,},{ 埃尔菲莉丝 塞纳 赛丽艾拉 莉莉},莉莉
5248804543030655000,cb::admg,10750201 ,[,0,0,0,3,0,],->203060509:[1|0.0.255.0],<700004>,<0>,dmg: ,611, ,0: 10 50 20 30,(,20.88,):,[,1403,991,1441,2354, ,],{,1680,632,1254,5677, ,},{ 埃尔菲莉丝 塞纳 赛丽艾拉 莉莉},莉莉
5248804543030663000,cb::admg,10150202 ,[,0,0,0,2,0,],->203060509:[1|0.0.255.0],<100000>,<0>,dmg: ,1172, ,0: 10 50 20 30,(,20.88,):,[,1403,991,1675,2354, ,],{,1680,632,1273,5677, ,},{ 埃尔菲莉丝 塞纳 赛丽艾拉 莉莉},赛丽艾拉
5248804543031660000,cb::admg,10450202 ,[,0,0,0,1,0,],->203060509:[1|0.0.255.0],<400001>,<0>,dmg: ,1693, ,0: 10 50 20 30,(,20.98,):,[,1506,991,1675,2354, ,],{,1698,632,1273,5677, ,},{ 埃尔菲莉丝 塞纳 赛丽艾拉 莉莉},埃尔菲莉丝
5248804543033797000,cb::admg,10840201 ,[,0,0,0,5,0,],->203060509:[1|0.0.255.0],<800002>,<0>,dmg: ,488, ,0: 10 50 20 30,(,21.19,):,[,1506,938,1675,2354, ,],{,1698,642,1273,5677, ,},{ 埃尔菲莉丝 塞纳 赛丽艾拉 莉莉},塞纳
5248804543033805000,cb::admg,10150202 ,[,0,0,0,2,0,],->203060509:[1|0.0.255.0],<100001>,<0>,dmg: ,1277, ,0: 10 50 20 30,(,21.19,):,[,1506,938,1712,2354, ,],{,1698,642,1314,5677, ,},{ 埃尔菲莉丝 塞纳 赛丽艾拉 莉莉},赛丽艾拉
5248804543036812000,cb::admg,10150202 ,[,0,0,0,2,0,],->203060509:[1|0.0.255.0],<100005>,<0>,dmg: ,2463, ,0: 10 50 20 30,(,21.49,):,[,1506,938,2204,2354, ,],{,1698,642,1410,5677, ,},{ 埃尔菲莉丝 塞纳 赛丽艾拉 莉莉},赛丽艾拉
5248804543038630000,cb::admg,10840201 ,[,0,0,0,5,0,],->203060509:[1|0.0.255.0],<800003>,<0>,dmg: ,1677, ,0: 10 50 20 30,(,21.68,):,[,1506,1110,2204,2354, ,],{,1698,705,1410,5677, ,},{ 埃尔菲莉丝 塞纳 赛丽艾拉 莉莉},塞纳
5248804543043607000,cb::admg,10450202 ,[,0,0,0,1,0,],->203060509:[1|0.0.255.0],<400000>,<0>,dmg: ,1233, ,0: 10 50 20 30,(,22.17,):,[,1510,1110,2204,2354, ,],{,1662,705,1410,5677, ,},{ 埃尔菲莉丝 塞纳 赛丽艾拉 莉莉},埃尔菲莉丝
5248804543046938000,cb::admg,10840201 ,[,0,0,0,5,0,],->203060509:[1|0.0.255.0],<800004>,<0>,dmg: ,1725, ,0: 10 50 20 30,(,22.51,):,[,1510,1193,2204,2354, ,],{,1662,756,1410,5677, ,},{ 埃尔菲莉丝 塞纳 赛丽艾拉 莉莉},塞纳
5248804543047902000,cb::admg,10750201 ,[,0,0,0,3,0,],->203060509:[1|0.0.255.0],<791010>,<107502011>,dmg: ,17320, ,0: 10 50 20 30,(,22.60,):,[,1510,1193,2204,5007, ,],{,1662,756,1410,6010, ,},{ 埃尔菲莉丝 塞纳 赛丽艾拉 莉莉},莉莉 花之水晶
5248804543047911000,cb::admg,10150202 ,[,0,0,0,2,0,],->203060509:[1|0.0.255.0],<100000>,<0>,dmg: ,960, ,0: 10 50 20 30,(,22.60,):,[,1510,1193,1907,5007, ,],{,1662,756,1383,6010, ,},{ 埃尔菲莉丝 塞纳 赛丽艾拉 莉莉},赛丽艾拉
5248804543051378000,cb::admg,10450202 ,[,0,0,0,1,0,],->203060509:[1|0.0.255.0],<400001>,<0>,dmg: ,1333, ,0: 10 50 20 30,(,22.95,):,[,1776,1193,1907,5007, ,],{,1664,756,1383,6010, ,},{ 埃尔菲莉丝 塞纳 赛丽艾拉 莉莉},埃尔菲莉丝
5248804543053091000,cb::admg,10150202 ,[,0,0,0,2,0,],->203060509:[1|0.0.255.0],<100001>,<0>,dmg: ,1065, ,0: 10 50 20 30,(,23.12,):,[,1776,1193,2120,5007, ,],{,1664,756,1398,6010, ,},{ 埃尔菲莉丝 塞纳 赛丽艾拉 莉莉},赛丽艾拉
5248804543057870000,cb::admg,10750201 ,[,0,0,0,3,0,],->203060509:[1|0.0.255.0],<791010>,<107502011>,dmg: ,16301, ,0: 10 50 20 30,(,23.60,):,[,1776,1193,2120,8267, ,],{,1664,756,1398,6447, ,},{ 埃尔菲莉丝 塞纳 赛丽艾拉 莉莉},莉莉 花之水晶
5248804543060000000,cb::admg,10150202 ,[,0,0,0,2,0,],->203060509:[1|0.0.255.0],<100005>,<0>,critdmg: ,3430, ,0: 10 50 20 30,(,23.81,):,[,1776,1193,2806,8267, ,],{,1664,756,1502,6447, ,},{ 埃尔菲莉丝 塞纳 赛丽艾拉 莉莉},赛丽艾拉
5248804543061488000,cb::admg,10450202 ,[,0,0,0,1,0,],->203060509:[1|0.0.255.0],<400002>,<0>,dmg: ,2215, ,0: 10 50 20 30,(,23.96,):,[,1926,1193,2806,8267, ,],{,1686,756,1502,6447, ,},{ 埃尔菲莉丝 塞纳 赛丽艾拉 莉莉},埃尔菲莉丝
5248804543065470000,cb::admg,10150202 ,[,0,0,0,2,0,],->203060509:[1|0.0.255.0],<100000>,<0>,dmg: ,914, ,0: 10 50 20 30,(,24.36,):,[,1926,1193,2989,8267, ,],{,1686,756,1506,6447, ,},{ 埃尔菲莉丝 塞纳 赛丽艾拉 莉莉},赛丽艾拉
5248804543068335000,cb::admg,10450202 ,[,0,0,0,1,0,],->203060509:[1|0.0.255.0],<400003>,<0>,dmg: ,2276, ,0: 10 50 20 30,(,24.65,):,[,2064,1193,2989,8267, ,],{,1732,756,1506,6447, ,},{ 埃尔菲莉丝 塞纳 赛丽艾拉 莉莉},埃尔菲莉丝
5248804543069949000,cb::admg,10150202 ,[,0,0,0,2,0,],->203060509:[1|0.0.255.0],<100001>,<0>,dmg: ,978, ,0: 10 50 20 30,(,24.81,):,[,2064,1193,2933,8267, ,],{,1732,756,1518,6447, ,},{ 埃尔菲莉丝 塞纳 赛丽艾拉 莉莉},赛丽艾拉
5248804543073420000,cb::admg,10150202 ,[,0,0,0,2,0,],->203060509:[1|0.0.255.0],<100005>,<0>,dmg: ,2136, ,0: 10 50 20 30,(,25.16,):,[,2064,1193,3360,8267, ,],{,1732,756,1582,6447, ,},{ 埃尔菲莉丝 塞纳 赛丽艾拉 莉莉},赛丽艾拉
5248804543080920000,cb::admg,10150202 ,[,0,0,0,2,0,],->203060509:[1|0.0.255.0],<100000>,<0>,dmg: ,933, ,0: 10 50 20 30,(,25.91,):,[,2064,1193,2831,8267, ,],{,1732,756,1572,6447, ,},{ 埃尔菲莉丝 塞纳 赛丽艾拉 莉莉},赛丽艾拉
5248804543080926000,cb::admg,10840201 ,[,0,0,0,5,0,],->10840201:[0|0.0.5.0],<812102>,<108402011>,dmg: ,-1212, ,0: 10 50 2550,(,25.91,):,[,0,-242,0, , ,],{,0,-89,414, , ,},{ 埃尔菲莉丝 塞纳 },塞纳 塞纳 治愈海浪
5248804543080935000,cb::admg,10840201 ,[,0,0,0,5,0,],->10450202:[0|0.0.1.0],<812102>,<108402011>,dmg: ,-1192, ,0: 10 50 2550,(,25.91,):,[,0,-238,390, , ,],{,0,-91,243, , ,},{ 埃尔菲莉丝 塞纳 },塞纳 埃尔菲莉丝 治愈海浪
5248804543081405000,cb::admg,10450202 ,[,0,0,0,1,0,],->203060509:[1|0.0.255.0],<400004>,<0>,dmg: ,2547, ,0: 10 50 20 30,(,25.95,):,[,2259,1193,2831,8267, ,],{,1743,756,1572,6447, ,},{ 埃尔菲莉丝 塞纳 赛丽艾拉 莉莉},埃尔菲莉丝
5248804543082286000,cb::admg,10750201 ,[,0,0,0,3,0,],->203060509:[1|0.0.255.0],<700000>,<0>,dmg: ,1287, ,0: 10 50 20 30,(,26.04,):,[,2259,1193,2831,6981, ,],{,1743,756,1572,5892, ,},{ 埃尔菲莉丝 塞纳 赛丽艾拉 莉莉},莉莉
5248804543082294000,cb::admg,10840201 ,[,0,0,0,5,0,],->10750201:[0|0.0.3.0],<812102>,<108402011>,dmg: ,-1110, ,0: 10 50 2550,(,26.04,):,[,0,-222,0, , ,],{,0,-84,531, , ,},{ 埃尔菲莉丝 塞纳 },塞纳 莉莉 治愈海浪
5248804543083040000,cb::admg,10840201 ,[,0,0,0,5,0,],->10150202:[0|0.0.2.0],<812102>,<108402011>,dmg: ,-1190, ,0: 10 50 2550,(,26.12,):,[,0,-238,0, , ,],{,0,-90,467, , ,},{ 埃尔菲莉丝 塞纳 },塞纳 赛丽艾拉 治愈海浪
5248804543087499000,cb::admg,10750201 ,[,0,0,0,3,0,],->203060509:[1|0.0.255.0],<700001>,<0>,dmg: ,714, ,0: 10 50 20 30,(,26.56,):,[,2259,1193,2831,7124, ,],{,1743,756,1572,5803, ,},{ 埃尔菲莉丝 塞纳 赛丽艾拉 莉莉},莉莉
5248804543087506000,cb::admg,10750201 ,[,0,0,0,3,0,],->203060509:[1|0.0.255.0],<700001>,<0>,dmg: ,729, ,0: 10 50 20 30,(,26.56,):,[,2259,1193,2831,7270, ,],{,1743,756,1572,5830, ,},{ 埃尔菲莉丝 塞纳 赛丽艾拉 莉莉},莉莉
5248804543087513000,cb::admg,10150202 ,[,0,0,0,2,0,],->203060509:[1|0.0.255.0],<100005>,<0>,dmg: ,2377, ,0: 10 50 20 30,(,26.56,):,[,2259,1193,2558,7270, ,],{,1743,756,1622,5830, ,},{ 埃尔菲莉丝 塞纳 赛丽艾拉 莉莉},赛丽艾拉
5248804543089083000,cb::admg,10450202 ,[,0,0,0,1,0,],->203060509:[1|0.0.255.0],<400005>,<0>,dmg: ,1941, ,0: 10 50 20 30,(,26.72,):,[,2309,1193,2558,7270, ,],{,1765,756,1622,5830, ,},{ 埃尔菲莉丝 塞纳 赛丽艾拉 莉莉},埃尔菲莉丝
5248804543091317000,cb::admg,10750201 ,[,0,0,0,3,0,],->203060509:[1|0.0.255.0],<700002>,<0>,dmg: ,488, ,0: 10 50 20 30,(,26.95,):,[,2309,1193,2558,7367, ,],{,1765,756,1622,5766, ,},{ 埃尔菲莉丝 塞纳 赛丽艾拉 莉莉},莉莉
5248804543091324000,cb::admg,10750201 ,[,0,0,0,3,0,],->203060509:[1|0.0.255.0],<700002>,<0>,dmg: ,483, ,0: 10 50 20 30,(,26.95,):,[,2309,1193,2558,7464, ,],{,1765,756,1622,5784, ,},{ 埃尔菲莉丝 塞纳 赛丽艾拉 莉莉},莉莉
5248804543091329000,cb::admg,10750201 ,[,0,0,0,3,0,],->203060509:[1|0.0.255.0],<700002>,<0>,dmg: ,498, ,0: 10 50 20 30,(,26.95,):,[,2309,1193,2558,7564, ,],{,1765,756,1622,5802, ,},{ 埃尔菲莉丝 塞纳 赛丽艾拉 莉莉},莉莉
5248804543094980000,cb::admg,10150202 ,[,0,0,0,2,0,],->203060509:[1|0.0.255.0],<100000>,<0>,dmg: ,1059, ,0: 10 50 20 30,(,27.31,):,[,2309,1193,2770,7564, ,],{,1765,756,1617,5802, ,},{ 埃尔菲莉丝 塞纳 赛丽艾拉 莉莉},赛丽艾拉
5248804543098636000,cb::admg,10750201 ,[,0,0,0,3,0,],->203060509:[1|0.0.255.0],<700003>,<0>,dmg: ,1021, ,0: 10 50 20 30,(,27.68,):,[,2309,1193,2770,4304, ,],{,1765,756,1617,5686, ,},{ 埃尔菲莉丝 塞纳 赛丽艾拉 莉莉},莉莉
5248804543099816000,cb::admg,10750201 ,[,0,0,0,3,0,],->203060509:[1|0.0.255.0],<700003>,<0>,dmg: ,1036, ,0: 10 50 20 30,(,27.80,):,[,2309,1193,2770,4511, ,],{,1765,756,1617,5699, ,},{ 埃尔菲莉丝 塞纳 赛丽艾拉 莉莉},莉莉
5248804543099962000,cb::admg,10450202 ,[,0,0,0,1,0,],->203060509:[1|0.0.255.0],<400000>,<0>,dmg: ,1104, ,0: 10 50 20 30,(,27.81,):,[,2283,1193,2770,4511, ,],{,1736,756,1617,5699, ,},{ 埃尔菲莉丝 塞纳 赛丽艾拉 莉莉},埃尔菲莉丝
5248804543100951000,cb::admg,10150202 ,[,0,0,0,2,0,],->203060509:[1|0.0.255.0],<100005>,<0>,dmg: ,2202, ,0: 10 50 20 30,(,27.91,):,[,2283,1193,3018,4511, ,],{,1736,756,1661,5699, ,},{ 埃尔菲莉丝 塞纳 赛丽艾拉 莉莉},赛丽艾拉
5248804543107750000,cb::admg,10450202 ,[,0,0,0,1,0,],->203060509:[1|0.0.255.0],<400001>,<0>,dmg: ,1212, ,0: 10 50 20 30,(,28.59,):,[,2259,1193,3018,4511, ,],{,1731,756,1661,5699, ,},{ 埃尔菲莉丝 塞纳 赛丽艾拉 莉莉},埃尔菲莉丝
5248804543109244000,cb::admg,10150202 ,[,0,0,0,2,0,],->203060509:[1|0.0.255.0],<191130>,<101502021>,dmg: ,6581, ,0: 10 50 20 30,(,28.74,):,[,2259,1193,4122,4511, ,],{,1731,756,1842,5699, ,},{ 埃尔菲莉丝 塞纳 赛丽艾拉 莉莉},赛丽艾拉 凶猛·鲨鱼弹！
5248804543109252000,cb::admg,10750201 ,[,0,0,0,3,0,],->203060509:[1|0.0.255.0],<700004>,<0>,dmg: ,806, ,0: 10 50 20 30,(,28.74,):,[,2259,1193,4122,1412, ,],{,1731,756,1842,5540, ,},{ 埃尔菲莉丝 塞纳 赛丽艾拉 莉莉},莉莉
5248804543109259000,cb::admg,10150202 ,[,0,0,0,2,0,],->203060509:[1|0.0.255.0],<191130>,<101502021>,dmg: ,6777, ,0: 10 50 20 30,(,28.74,):,[,2259,1193,5477,1412, ,],{,1731,756,2078,5540, ,},{ 埃尔菲莉丝 塞纳 赛丽艾拉 莉莉},赛丽艾拉 凶猛·鲨鱼弹！
5248804543109263000,cb::admg,10150202 ,[,0,0,0,2,0,],->203060509:[1|0.0.255.0],<191130>,<101502021>,dmg: ,6631, ,0: 10 50 20 30,(,28.74,):,[,2259,1193,6803,1412, ,],{,1731,756,2309,5540, ,},{ 埃尔菲莉丝 塞纳 赛丽艾拉 莉莉},赛丽艾拉 凶猛·鲨鱼弹！
5248804543109733000,cb::admg,10150202 ,[,0,0,0,2,0,],->203060509:[1|0.0.255.0],<191130>,<101502021>,dmg: ,6399, ,0: 10 50 20 30,(,28.79,):,[,2259,1193,8083,1412, ,],{,1731,756,2527,5540, ,},{ 埃尔菲莉丝 塞纳 赛丽艾拉 莉莉},赛丽艾拉 凶猛·鲨鱼弹！
5248804543109746000,cb::admg,10750201 ,[,0,0,0,3,0,],->203060509:[1|0.0.255.0],<700004>,<0>,dmg: ,470, ,0: 10 50 20 30,(,28.79,):,[,2259,1193,8083,1506, ,],{,1731,756,2527,5547, ,},{ 埃尔菲莉丝 塞纳 赛丽艾拉 莉莉},莉莉
5248804543110743000,cb::admg,10750201 ,[,0,0,0,3,0,],->203060509:[1|0.0.255.0],<700004>,<0>,dmg: ,504, ,0: 10 50 20 30,(,28.89,):,[,2259,1193,8083,1607, ,],{,1731,756,2527,5545, ,},{ 埃尔菲莉丝 塞纳 赛丽艾拉 莉莉},莉莉
5248804543110749000,cb::admg,10750201 ,[,0,0,0,3,0,],->203060509:[1|0.0.255.0],<700004>,<0>,dmg: ,497, ,0: 10 50 20 30,(,28.89,):,[,2259,1193,8083,1706, ,],{,1731,756,2527,5562, ,},{ 埃尔菲莉丝 塞纳 赛丽艾拉 莉莉},莉莉
5248804543112393000,cb::admg,10750201 ,[,0,0,0,3,0,],->203060509:[1|0.0.255.0],<700004>,<0>,dmg: ,464, ,0: 10 50 20 30,(,29.05,):,[,2259,1193,8083,1799, ,],{,1731,756,2527,5546, ,},{ 埃尔菲莉丝 塞纳 赛丽艾拉 莉莉},莉莉
5248804543116887000,cb::admg,10450202 ,[,0,0,0,1,0,],->10450202:[0|0.0.1.0],<491110>,<104502021>,dmg: ,0, ,0: 10 50 2550,(,29.50,):,[,0,-238,390, , ,],{,0,-91,243, , ,},{ 埃尔菲莉丝 塞纳 },埃尔菲莉丝 埃尔菲莉丝 神圣决断
5248804543116900000,cb::admg,10450202 ,[,0,0,0,1,0,],->10150202:[0|0.0.2.0],<491110>,<104502021>,dmg: ,0, ,0: 10 50 2550,(,29.50,):,[,0,-238,0, , ,],{,0,-90,467, , ,},{ 埃尔菲莉丝 塞纳 },埃尔菲莉丝 赛丽艾拉 神圣决断
5248804543116906000,cb::admg,10450202 ,[,0,0,0,1,0,],->10750201:[0|0.0.3.0],<491110>,<104502021>,dmg: ,0, ,0: 10 50 2550,(,29.50,):,[,0,-222,0, , ,],{,0,-84,531, , ,},{ 埃尔菲莉丝 塞纳 },埃尔菲莉丝 莉莉 神圣决断
5248804543116913000,cb::admg,10450202 ,[,0,0,0,1,0,],->10840201:[0|0.0.5.0],<491110>,<104502021>,dmg: ,0, ,0: 10 50 2550,(,29.50,):,[,0,-242,0, , ,],{,0,-89,414, , ,},{ 埃尔菲莉丝 塞纳 },埃尔菲莉丝 塞纳 神圣决断
5248804543119860000,cb::admg,10150202 ,[,0,0,0,2,0,],->203060509:[1|0.0.255.0],<100000>,<0>,dmg: ,1279, ,0: 10 50 20 30,(,29.80,):,[,2259,1193,7470,1799, ,],{,1731,756,2484,5546, ,},{ 埃尔菲莉丝 塞纳 赛丽艾拉 莉莉},赛丽艾拉
5248804543122158000,cb::admg,10750201 ,[,0,0,0,3,0,],->203060509:[1|0.0.255.0],<700000>,<0>,dmg: ,1554, ,0: 10 50 20 30,(,30.03,):,[,2259,1193,7470,2110, ,],{,1731,756,2484,5418, ,},{ 埃尔菲莉丝 塞纳 赛丽艾拉 莉莉},莉莉
5248804543126994000,cb::admg,10150202 ,[,0,0,0,2,0,],->203060509:[1|0.0.255.0],<100005>,<0>,dmg: ,2689, ,0: 10 50 20 30,(,30.51,):,[,2259,1193,7385,2110, ,],{,1731,756,2514,5418, ,},{ 埃尔菲莉丝 塞纳 赛丽艾拉 莉莉},赛丽艾拉
5248804543128142000,cb::admg,10750201 ,[,0,0,0,3,0,],->203060509:[1|0.0.255.0],<700001>,<0>,dmg: ,907, ,0: 10 50 20 30,(,30.63,):,[,2259,1193,7385,2291, ,],{,1731,756,2514,5342, ,},{ 埃尔菲莉丝 塞纳 赛丽艾拉 莉莉},莉莉
5248804543128151000,cb::admg,10750201 ,[,0,0,0,3,0,],->203060509:[1|0.0.255.0],<700001>,<0>,dmg: ,904, ,0: 10 50 20 30,(,30.63,):,[,2259,1193,7385,2472, ,],{,1731,756,2514,5371, ,},{ 埃尔菲莉丝 塞纳 赛丽艾拉 莉莉},莉莉
5248804543128158000,cb::admg,10840201 ,[,0,0,0,5,0,],->203060509:[1|0.0.255.0],<800000>,<0>,dmg: ,802, ,0: 10 50 20 30,(,30.63,):,[,2259,160,7385,2472, ,],{,1731,581,2514,5371, ,},{ 埃尔菲莉丝 塞纳 赛丽艾拉 莉莉},塞纳
5248804543128294000,cb::admg,10450202 ,[,0,0,0,1,0,],->203060509:[1|0.0.255.0],<400000>,<0>,dmg: ,1402, ,0: 10 50 20 30,(,30.64,):,[,1641,160,7385,2472, ,],{,1661,581,2514,5371, ,},{ 埃尔菲莉丝 塞纳 赛丽艾拉 莉莉},埃尔菲莉丝
5248804543131644000,cb::admg,10150202 ,[,0,0,0,2,0,],->203060509:[1|0.0.255.0],<100000>,<0>,dmg: ,1330, ,0: 10 50 20 30,(,30.98,):,[,1641,160,7464,2472, ,],{,1661,581,2519,5371, ,},{ 埃尔菲莉丝 塞纳 赛丽艾拉 莉莉},赛丽艾拉
5248804543131945000,cb::admg,10750201 ,[,0,0,0,3,0,],->203060509:[1|0.0.255.0],<700002>,<0>,dmg: ,620, ,0: 10 50 20 30,(,31.01,):,[,1641,160,7464,2596, ,],{,1661,581,2519,5325, ,},{ 埃尔菲莉丝 塞纳 赛丽艾拉 莉莉},莉莉
5248804543131953000,cb::admg,10750201 ,[,0,0,0,3,0,],->203060509:[1|0.0.255.0],<700002>,<0>,dmg: ,572, ,0: 10 50 20 30,(,31.01,):,[,1641,160,7464,2710, ,],{,1661,581,2519,5344, ,},{ 埃尔菲莉丝 塞纳 赛丽艾拉 莉莉},莉莉
5248804543131960000,cb::admg,10750201 ,[,0,0,0,3,0,],->203060509:[1|0.0.255.0],<700002>,<0>,dmg: ,585, ,0: 10 50 20 30,(,31.01,):,[,1641,160,7464,2827, ,],{,1661,581,2519,5362, ,},{ 埃尔菲莉丝 塞纳 赛丽艾拉 莉莉},莉莉
5248804543133114000,cb::admg,10840201 ,[,0,0,0,5,0,],->203060509:[1|0.0.255.0],<800001>,<0>,dmg: ,871, ,0: 10 50 20 30,(,31.12,):,[,1641,334,7464,2827, ,],{,1661,600,2519,5362, ,},{ 埃尔菲莉丝 塞纳 赛丽艾拉 莉莉},塞纳
5248804543136116000,cb::admg,10450202 ,[,0,0,0,1,0,],->203060509:[1|0.0.255.0],<400001>,<0>,dmg: ,1516, ,0: 10 50 20 30,(,31.43,):,[,1435,334,7464,2827, ,],{,1668,600,2519,5362, ,},{ 埃尔菲莉丝 塞纳 赛丽艾拉 莉莉},埃尔菲莉丝
5248804543137091000,cb::admg,10840201 ,[,0,0,0,5,0,],->203060509:[1|0.0.255.0],<800002>,<0>,dmg: ,521, ,0: 10 50 20 30,(,31.52,):,[,1435,438,7464,2827, ,],{,1668,609,2519,5362, ,},{ 埃尔菲莉丝 塞纳 赛丽艾拉 莉莉},塞纳
5248804543139587000,cb::admg,10840201 ,[,0,0,0,5,0,],->203060509:[1|0.0.255.0],<800002>,<0>,dmg: ,488, ,0: 10 50 20 30,(,31.77,):,[,1435,536,7464,2827, ,],{,1668,620,2519,5362, ,},{ 埃尔菲莉丝 塞纳 赛丽艾拉 莉莉},塞纳
5248804543139593000,cb::admg,10750201 ,[,0,0,0,3,0,],->203060509:[1|0.0.255.0],<700003>,<0>,dmg: ,1296, ,0: 10 50 20 30,(,31.77,):,[,1435,536,7464,2541, ,],{,1668,620,2519,5274, ,},{ 埃尔菲莉丝 塞纳 赛丽艾拉 莉莉},莉莉
5248804543140749000,cb::admg,10750201 ,[,0,0,0,3,0,],->203060509:[1|0.0.255.0],<700003>,<0>,dmg: ,1327, ,0: 10 50 20 30,(,31.89,):,[,1435,536,7464,2806, ,],{,1668,620,2519,5297, ,},{ 埃尔菲莉丝 塞纳 赛丽艾拉 莉莉},莉莉
5248804543140758000,cb::admg,10150202 ,[,0,0,0,2,0,],->203060509:[1|0.0.255.0],<20143000>,<301502081>,dmg: ,10926, ,0: 10 50 20 30,(,31.89,):,[,1435,536,9174,2806, ,],{,1668,620,2790,5297, ,},{ 埃尔菲莉丝 塞纳 赛丽艾拉 莉莉},赛丽艾拉 沧海斩击
5248804543142909000,cb::admg,10150202 ,[,0,0,0,2,0,],->203060509:[1|0.0.255.0],<20143000>,<301502081>,dmg: ,11360, ,0: 10 50 20 30,(,32.10,):,[,1435,536,11446,2806, ,],{,1668,620,3125,5297, ,},{ 埃尔菲莉丝 塞纳 赛丽艾拉 莉莉},赛丽艾拉 沧海斩击
5248804543143909000,cb::admg,10150202 ,[,0,0,0,2,0,],->203060509:[1|0.0.255.0],<20143000>,<301502081>,dmg: ,10581, ,0: 10 50 20 30,(,32.20,):,[,1435,536,13562,2806, ,],{,1668,620,3444,5297, ,},{ 埃尔菲莉丝 塞纳 赛丽艾拉 莉莉},赛丽艾拉 沧海斩击
5248804543146052000,cb::admg,10840201 ,[,0,0,0,5,0,],->203060509:[1|0.0.255.0],<800003>,<0>,dmg: ,1655, ,0: 10 50 20 30,(,32.42,):,[,1435,867,13562,2806, ,],{,1668,658,3444,5297, ,},{ 埃尔菲莉丝 塞纳 赛丽艾拉 莉莉},塞纳
5248804543146211000,cb::admg,10450202 ,[,0,0,0,1,0,],->203060509:[1|0.0.255.0],<400002>,<0>,dmg: ,2468, ,0: 10 50 20 30,(,32.43,):,[,1540,867,13562,2806, ,],{,1692,658,3444,5297, ,},{ 埃尔菲莉丝 塞纳 赛丽艾拉 莉莉},埃尔菲莉丝
5248804543149519000,cb::admg,10750201 ,[,0,0,0,3,0,],->203060509:[1|0.0.255.0],<700004>,<0>,dmg: ,1014, ,0: 10 50 20 30,(,32.77,):,[,1540,867,13562,2511, ,],{,1692,658,3444,5186, ,},{ 埃尔菲莉丝 塞纳 赛丽艾拉 莉莉},莉莉
5248804543151848000,cb::admg,10750201 ,[,0,0,0,3,0,],->203060509:[1|0.0.255.0],<700004>,<0>,dmg: ,576, ,0: 10 50 20 30,(,33.00,):,[,1540,867,13562,2419, ,],{,1692,658,3444,5167, ,},{ 埃尔菲莉丝 塞纳 赛丽艾拉 莉莉},莉莉
5248804543151857000,cb::admg,10750201 ,[,0,0,0,3,0,],->203060509:[1|0.0.255.0],<700004>,<0>,dmg: ,586, ,0: 10 50 20 30,(,33.00,):,[,1540,867,13562,2536, ,],{,1692,658,3444,5184, ,},{ 埃尔菲莉丝 塞纳 赛丽艾拉 莉莉},莉莉
5248804543153011000,cb::admg,10750201 ,[,0,0,0,3,0,],->203060509:[1|0.0.255.0],<700004>,<0>,dmg: ,593, ,0: 10 50 20 30,(,33.11,):,[,1540,867,13562,2655, ,],{,1692,658,3444,5184, ,},{ 埃尔菲莉丝 塞纳 赛丽艾拉 莉莉},莉莉
5248804543153019000,cb::admg,10750201 ,[,0,0,0,3,0,],->203060509:[1|0.0.255.0],<700004>,<0>,dmg: ,604, ,0: 10 50 20 30,(,33.12,):,[,1540,867,13562,2775, ,],{,1692,658,3444,5202, ,},{ 埃尔菲莉丝 塞纳 赛丽艾拉 莉莉},莉莉
5248804543153035000,cb::admg,10450202 ,[,0,0,0,1,0,],->203060509:[1|0.0.255.0],<400003>,<0>,dmg: ,2701, ,0: 10 50 20 30,(,33.12,):,[,1859,867,13562,2775, ,],{,1738,658,3444,5202, ,},{ 埃尔菲莉丝 塞纳 赛丽艾拉 莉莉},埃尔菲莉丝
5248804543156153000,cb::admg,10450202 ,[,0,0,0,1,0,],->203060509:[1|0.0.255.0],<491120>,<104502022>,dmg: ,5116, ,0: 10 50 20 30,(,33.43,):,[,2883,867,13562,2775, ,],{,1875,658,3444,5202, ,},{ 埃尔菲莉丝 塞纳 赛丽艾拉 莉莉},埃尔菲莉丝 圣天神使
5248804543158001000,cb::admg,10150202 ,[,0,0,0,2,0,],->203060509:[1|0.0.255.0],<100005>,<0>,dmg: ,2937, ,0: 10 50 20 30,(,33.61,):,[,2883,867,13498,2775, ,],{,1875,658,3387,5202, ,},{ 埃尔菲莉丝 塞纳 赛丽艾拉 莉莉},赛丽艾拉
5248804543159494000,cb::admg,10450202 ,[,0,0,0,1,0,],->203060509:[1|0.0.255.0],<491120>,<104502022>,dmg: ,5052, ,0: 10 50 20 30,(,33.76,):,[,3651,867,13498,2775, ,],{,2006,658,3387,5202, ,},{ 埃尔菲莉丝 塞纳 赛丽艾拉 莉莉},埃尔菲莉丝 圣天神使
5248804543161976000,cb::admg,10750201 ,[,0,0,0,3,0,],->203060509:[1|0.0.255.0],<733001>,<107502012>,dmg: ,41217, ,0: 10 50 20 30,(,34.01,):,[,3651,867,13498,10563, ,],{,2006,658,3387,6277, ,},{ 埃尔菲莉丝 塞纳 赛丽艾拉 莉莉},莉莉 冰冻之风
5248804543163782000,cb::admg,10150202 ,[,0,0,0,2,0,],->203060509:[1|0.0.255.0],<100000>,<0>,dmg: ,1242, ,0: 10 50 20 30,(,34.19,):,[,3651,867,8468,10563, ,],{,2006,658,3366,6277, ,},{ 埃尔菲莉丝 塞纳 赛丽艾拉 莉莉},赛丽艾拉
5248804543168420000,cb::admg,10150202 ,[,0,0,0,2,0,],->203060509:[1|0.0.255.0],<100001>,<0>,dmg: ,1406, ,0: 10 50 20 30,(,34.66,):,[,3651,867,8750,10563, ,],{,2006,658,3362,6277, ,},{ 埃尔菲莉丝 塞纳 赛丽艾拉 莉莉},赛丽艾拉
5248804543168434000,cb::admg,10450202 ,[,0,0,0,1,0,],->203060509:[1|0.0.255.0],<491120>,<104502022>,dmg: ,5044, ,0: 10 50 20 30,(,34.66,):,[,4659,867,8750,10563, ,],{,2100,658,3362,6277, ,},{ 埃尔菲莉丝 塞纳 赛丽艾拉 莉莉},埃尔菲莉丝 圣天神使
5248804543168450000,cb::admg,10450202 ,[,0,0,0,1,0,],->10450202:[0|0.0.1.0],<491120>,<104502022>,dmg: ,0, ,0: 10 50 2550,(,34.66,):,[,0,-238,390, , ,],{,0,-91,243, , ,},{ 埃尔菲莉丝 塞纳 },埃尔菲莉丝 埃尔菲莉丝 圣天神使
5248804543168459000,cb::admg,10450202 ,[,0,0,0,1,0,],->10150202:[0|0.0.2.0],<491120>,<104502022>,dmg: ,0, ,0: 10 50 2550,(,34.66,):,[,0,-238,0, , ,],{,0,-90,467, , ,},{ 埃尔菲莉丝 塞纳 },埃尔菲莉丝 赛丽艾拉 圣天神使
5248804543168463000,cb::admg,10450202 ,[,0,0,0,1,0,],->10750201:[0|0.0.3.0],<491120>,<104502022>,dmg: ,0, ,0: 10 50 2550,(,34.66,):,[,0,-222,0, , ,],{,0,-84,531, , ,},{ 埃尔菲莉丝 塞纳 },埃尔菲莉丝 莉莉 圣天神使
5248804543168468000,cb::admg,10450202 ,[,0,0,0,1,0,],->10840201:[0|0.0.5.0],<491120>,<104502022>,dmg: ,0, ,0: 10 50 2550,(,34.66,):,[,0,-242,0, , ,],{,0,-89,414, , ,},{ 埃尔菲莉丝 塞纳 },埃尔菲莉丝 塞纳 圣天神使
5248804543168473000,cb::admg,10450202 ,[,0,0,0,1,0,],->10450202:[0|0.0.1.0],<491120>,<104502022>,dmg: ,0, ,0: 10 50 2550,(,34.66,):,[,0,-238,390, , ,],{,0,-91,243, , ,},{ 埃尔菲莉丝 塞纳 },埃尔菲莉丝 埃尔菲莉丝 圣天神使
5248804543168481000,cb::admg,10450202 ,[,0,0,0,1,0,],->10450202:[0|0.0.1.0],<491120>,<104502022>,dmg: ,0, ,0: 10 50 2550,(,34.66,):,[,0,-238,390, , ,],{,0,-91,243, , ,},{ 埃尔菲莉丝 塞纳 },埃尔菲莉丝 埃尔菲莉丝 圣天神使
5248804543168490000,cb::admg,10450202 ,[,0,0,0,1,0,],->10150202:[0|0.0.2.0],<491120>,<104502022>,dmg: ,0, ,0: 10 50 2550,(,34.66,):,[,0,-238,0, , ,],{,0,-90,467, , ,},{ 埃尔菲莉丝 塞纳 },埃尔菲莉丝 赛丽艾拉 圣天神使
5248804543168496000,cb::admg,10450202 ,[,0,0,0,1,0,],->10750201:[0|0.0.3.0],<491120>,<104502022>,dmg: ,0, ,0: 10 50 2550,(,34.66,):,[,0,-222,0, , ,],{,0,-84,531, , ,},{ 埃尔菲莉丝 塞纳 },埃尔菲莉丝 莉莉 圣天神使
5248804543168500000,cb::admg,10450202 ,[,0,0,0,1,0,],->10840201:[0|0.0.5.0],<491120>,<104502022>,dmg: ,0, ,0: 10 50 2550,(,34.66,):,[,0,-242,0, , ,],{,0,-89,414, , ,},{ 埃尔菲莉丝 塞纳 },埃尔菲莉丝 塞纳 圣天神使
5248804543172909000,cb::admg,10150202 ,[,0,0,0,2,0,],->203060509:[1|0.0.255.0],<100005>,<0>,dmg: ,2689, ,0: 10 50 20 30,(,35.10,):,[,4659,867,9032,10563, ,],{,2100,658,3395,6277, ,},{ 埃尔菲莉丝 塞纳 赛丽艾拉 莉莉},赛丽艾拉
5248804543176895000,cb::admg,10150202 ,[,0,0,0,2,0,],->203060509:[1|0.0.255.0],<191140>,<101502022>,dmg: ,29962, ,0: 10 50 20 30,(,35.50,):,[,4659,867,15024,10563, ,],{,2100,658,4201,6277, ,},{ 埃尔菲莉丝 塞纳 赛丽艾拉 莉莉},赛丽艾拉 打气·加把劲！
5248804543181850000,cb::admg,203060509 ,[,1,0,0,255,0,],->10750201:[0|0.0.3.0],<300210931>,<0>,dmg: ,0, ,0: 10 50 2550,(,36.00,):,[,0,-222,0, , ,],{,0,-84,65, , ,},{ 埃尔菲莉丝 塞纳 }, 莉莉 陨落熔岩
5248804543181861000,cb::admg,10150202 ,[,0,0,0,2,0,],->10150202:[0|0.0.2.0],<191140>,<101502022>,dmg: ,0, ,0: 10 50 2550 20,(,36.00,):,[,0,-238,0,0, ,],{,0,-90,467,0, ,},{ 埃尔菲莉丝 塞纳  赛丽艾拉},赛丽艾拉 赛丽艾拉 打气·加把劲！
5248804543181866000,cb::admg,10150202 ,[,0,0,0,2,0,],->10450202:[0|0.0.1.0],<191140>,<101502022>,dmg: ,0, ,0: 10 50 2550 20,(,36.00,):,[,0,-238,390,0, ,],{,0,-91,243,0, ,},{ 埃尔菲莉丝 塞纳  赛丽艾拉},赛丽艾拉 埃尔菲莉丝 打气·加把劲！
5248804543183023000,cb::admg,10150202 ,[,0,0,0,2,0,],->10750201:[0|0.0.3.0],<191140>,<101502022>,dmg: ,0, ,0: 10 50 2550 20,(,36.12,):,[,0,-222,0,0, ,],{,0,-84,65,0, ,},{ 埃尔菲莉丝 塞纳  赛丽艾拉},赛丽艾拉 莉莉 打气·加把劲！
5248804543183029000,cb::admg,10150202 ,[,0,0,0,2,0,],->10840201:[0|0.0.5.0],<191140>,<101502022>,dmg: ,0, ,0: 10 50 2550 20,(,36.12,):,[,0,-242,0,0, ,],{,0,-89,414,0, ,},{ 埃尔菲莉丝 塞纳  赛丽艾拉},赛丽艾拉 塞纳 打气·加把劲！
5248804543184509000,cb::admg,10450202 ,[,0,0,0,1,0,],->203060509:[1|0.0.255.0],<400000>,<0>,dmg: ,1172, ,0: 10 50 20 30,(,36.26,):,[,4613,867,15024,10563, ,],{,2039,658,4201,6277, ,},{ 埃尔菲莉丝 塞纳 赛丽艾拉 莉莉},埃尔菲莉丝
5248804543192303000,cb::admg,10450202 ,[,0,0,0,1,0,],->203060509:[1|0.0.255.0],<400001>,<0>,dmg: ,1287, ,0: 10 50 20 30,(,37.04,):,[,4568,867,15024,10563, ,],{,2031,658,4201,6277, ,},{ 埃尔菲莉丝 塞纳 赛丽艾拉 莉莉},埃尔菲莉丝
5248804543197108000,cb::admg,10750201 ,[,0,0,0,3,0,],->203060509:[1|0.0.255.0],<791010>,<107502011>,dmg: ,17850, ,0: 10 50 20 30,(,37.52,):,[,4568,867,15024,12488, ,],{,2031,658,4201,6165, ,},{ 埃尔菲莉丝 塞纳 赛丽艾拉 莉莉},莉莉 花之水晶
5248804543199658000,cb::admg,10150202 ,[,0,0,0,2,0,],->10150202:[0|0.0.2.0],<191143>,<101502023>,dmg: ,0, ,0: 10 50 2550 20,(,37.78,):,[,0,-238,0,0, ,],{,0,-90,467,0, ,},{ 埃尔菲莉丝 塞纳  赛丽艾拉},赛丽艾拉 赛丽艾拉 打气·加把劲！！
5248804543203099000,cb::admg,10150202 ,[,0,0,0,2,0,],->203060509:[1|0.0.255.0],<100005>,<0>,dmg: ,2402, ,0: 10 50 20 30,(,38.12,):,[,4568,867,8127,12488, ,],{,2031,658,3975,6165, ,},{ 埃尔菲莉丝 塞纳 赛丽艾拉 莉莉},赛丽艾拉
5248804543203588000,cb::admg,10450202 ,[,0,0,0,1,0,],->203060509:[1|0.0.255.0],<400000>,<0>,dmg: ,1110, ,0: 10 50 20 30,(,38.17,):,[,3756,867,8127,12488, ,],{,2000,658,3975,6165, ,},{ 埃尔菲莉丝 塞纳 赛丽艾拉 莉莉},埃尔菲莉丝
5248804543207073000,cb::admg,10750201 ,[,0,0,0,3,0,],->203060509:[1|0.0.255.0],<791010>,<107502011>,dmg: ,17062, ,0: 10 50 20 30,(,38.52,):,[,3756,867,8127,15225, ,],{,2000,658,3975,6449, ,},{ 埃尔菲莉丝 塞纳 赛丽艾拉 莉莉},莉莉 花之水晶
5248804543210408000,cb::admg,10150202 ,[,0,0,0,2,0,],->203060509:[1|0.0.255.0],<100000>,<0>,dmg: ,1167, ,0: 10 50 20 30,(,38.85,):,[,3756,867,7773,15225, ,],{,2000,658,3930,6449, ,},{ 埃尔菲莉丝 塞纳 赛丽艾拉 莉莉},赛丽艾拉
5248804543211385000,cb::admg,10450202 ,[,0,0,0,1,0,],->203060509:[1|0.0.255.0],<400001>,<0>,dmg: ,1182, ,0: 10 50 20 30,(,38.95,):,[,1959,867,7773,15225, ,],{,1990,658,3930,6449, ,},{ 埃尔菲莉丝 塞纳 赛丽艾拉 莉莉},埃尔菲莉丝
5248804543218326000,cb::admg,10150202 ,[,0,0,0,2,0,],->203060509:[1|0.0.255.0],<100005>,<0>,dmg: ,2545, ,0: 10 50 20 30,(,39.65,):,[,1959,867,8034,15225, ,],{,1990,658,3916,6449, ,},{ 埃尔菲莉丝 塞纳 赛丽艾拉 莉莉},赛丽艾拉
5248804543221495000,cb::admg,10450202 ,[,0,0,0,1,0,],->203060509:[1|0.0.255.0],<400002>,<0>,dmg: ,3671, ,0: 10 50 20 30,(,39.96,):,[,1684,867,8034,15225, ,],{,2032,658,3916,6449, ,},{ 埃尔菲莉丝 塞纳 赛丽艾拉 莉莉},埃尔菲莉丝
5248804543223470000,cb::admg,10150202 ,[,0,0,0,2,0,],->203060509:[1|0.0.255.0],<100000>,<0>,dmg: ,1163, ,0: 10 50 20 30,(,40.16,):,[,1684,867,7447,15225, ,],{,2032,658,3895,6449, ,},{ 埃尔菲莉丝 塞纳 赛丽艾拉 莉莉},赛丽艾拉
5248804543226490000,cb::admg,10150202 ,[,0,0,0,2,0,],->203060509:[1|0.0.255.0],<100001>,<0>,dmg: ,1209, ,0: 10 50 20 30,(,40.46,):,[,1684,867,7689,15225, ,],{,2032,658,3896,6449, ,},{ 埃尔菲莉丝 塞纳 赛丽艾拉 莉莉},赛丽艾拉
5248804543228113000,cb::admg,10450202 ,[,0,0,0,1,0,],->203060509:[1|0.0.255.0],<400003>,<0>,dmg: ,3777, ,0: 10 50 20 30,(,40.62,):,[,2439,867,7689,15225, ,],{,2092,658,3896,6449, ,},{ 埃尔菲莉丝 塞纳 赛丽艾拉 莉莉},埃尔菲莉丝
5248804543228623000,cb::admg,10750201 ,[,0,0,0,3,0,],->203060509:[1|0.0.255.0],<700000>,<0>,dmg: ,1340, ,0: 10 50 20 30,(,40.68,):,[,2439,867,7689,7250, ,],{,2092,658,3896,6140, ,},{ 埃尔菲莉丝 塞纳 赛丽艾拉 莉莉},莉莉
5248804543228632000,cb::admg,10840201 ,[,0,0,0,5,0,],->203060509:[1|0.0.255.0],<800000>,<0>,dmg: ,609, ,0: 10 50 20 30,(,40.68,):,[,2439,121,7689,7250, ,],{,2092,540,3896,6140, ,},{ 埃尔菲莉丝 塞纳 赛丽艾拉 莉莉},塞纳
5248804543231600000,cb::admg,10150202 ,[,0,0,0,2,0,],->203060509:[1|0.0.255.0],<100005>,<0>,dmg: ,2618, ,0: 10 50 20 30,(,40.97,):,[,2439,121,2220,7250, ,],{,2092,540,3911,6140, ,},{ 埃尔菲莉丝 塞纳 赛丽艾拉 莉莉},赛丽艾拉
5248804543232920000,cb::admg,203060509 ,[,1,0,0,255,0,],->10840201:[0|0.0.5.0],<300210931>,<0>,dmg: ,0, ,0: 10 50 2550 20,(,41.11,):,[,0,-242,0,0, ,],{,0,-89,43,0, ,},{ 埃尔菲莉丝 塞纳  赛丽艾拉}, 塞纳 陨落熔岩
5248804543234092000,cb::admg,10750201 ,[,0,0,0,3,0,],->203060509:[1|0.0.255.0],<700001>,<0>,dmg: ,707, ,0: 10 50 20 30,(,41.22,):,[,2439,121,2220,7391, ,],{,2092,540,3911,6075, ,},{ 埃尔菲莉丝 塞纳 赛丽艾拉 莉莉},莉莉
5248804543234099000,cb::admg,10750201 ,[,0,0,0,3,0,],->203060509:[1|0.0.255.0],<700001>,<0>,dmg: ,674, ,0: 10 50 20 30,(,41.22,):,[,2439,121,2220,7526, ,],{,2092,540,3911,6092, ,},{ 埃尔菲莉丝 塞纳 赛丽艾拉 莉莉},莉莉
5248804543234109000,cb::admg,10840201 ,[,0,0,0,5,0,],->203060509:[1|0.0.255.0],<800001>,<0>,dmg: ,712, ,0: 10 50 20 30,(,41.22,):,[,2439,264,2220,7526, ,],{,2092,550,3911,6092, ,},{ 埃尔菲莉丝 塞纳 赛丽艾拉 莉莉},塞纳
5248804543237080000,cb::admg,10840201 ,[,0,0,0,5,0,],->203060509:[1|0.0.255.0],<800002>,<0>,dmg: ,419, ,0: 10 50 20 30,(,41.52,):,[,2439,348,2220,7526, ,],{,2092,556,3911,6092, ,},{ 埃尔菲莉丝 塞纳 赛丽艾拉 莉莉},塞纳
5248804543237410000,cb::admg,10750201 ,[,0,0,0,3,0,],->203060509:[1|0.0.255.0],<700002>,<0>,dmg: ,490, ,0: 10 50 20 30,(,41.55,):,[,2439,348,2220,7624, ,],{,2092,556,3911,6055, ,},{ 埃尔菲莉丝 塞纳 赛丽艾拉 莉莉},莉莉
5248804543237419000,cb::admg,10750201 ,[,0,0,0,3,0,],->203060509:[1|0.0.255.0],<700002>,<0>,dmg: ,472, ,0: 10 50 20 30,(,41.56,):,[,2439,348,2220,7719, ,],{,2092,556,3911,6066, ,},{ 埃尔菲莉丝 塞纳 赛丽艾拉 莉莉},莉莉
5248804543238431000,cb::admg,10750201 ,[,0,0,0,3,0,],->203060509:[1|0.0.255.0],<700002>,<0>,dmg: ,491, ,0: 10 50 20 30,(,41.66,):,[,2439,348,2220,7817, ,],{,2092,556,3911,6063, ,},{ 埃尔菲莉丝 塞纳 赛丽艾拉 莉莉},莉莉
5248804543239568000,cb::admg,10840201 ,[,0,0,0,5,0,],->203060509:[1|0.0.255.0],<800002>,<0>,dmg: ,421, ,0: 10 50 20 30,(,41.77,):,[,2439,432,2220,7817, ,],{,2092,563,3911,6063, ,},{ 埃尔菲莉丝 塞纳 赛丽艾拉 莉莉},塞纳
5248804543241892000,cb::admg,10150202 ,[,0,0,0,2,0,],->203060509:[1|0.0.255.0],<100000>,<0>,dmg: ,1174, ,0: 10 50 20 30,(,42.00,):,[,2439,432,2455,7817, ,],{,2092,563,3843,6063, ,},{ 埃尔菲莉丝 塞纳 赛丽艾拉 莉莉},赛丽艾拉
5248804543246182000,cb::admg,10750201 ,[,0,0,0,3,0,],->203060509:[1|0.0.255.0],<700003>,<0>,dmg: ,1044, ,0: 10 50 20 30,(,42.43,):,[,2439,432,2455,8026, ,],{,2092,563,3843,5977, ,},{ 埃尔菲莉丝 塞纳 赛丽艾拉 莉莉},莉莉
5248804543246189000,cb::admg,10750201 ,[,0,0,0,3,0,],->203060509:[1|0.0.255.0],<700003>,<0>,dmg: ,1002, ,0: 10 50 20 30,(,42.43,):,[,2439,432,2455,8226, ,],{,2092,563,3843,6001, ,},{ 埃尔菲莉丝 塞纳 赛丽艾拉 莉莉},莉莉
5248804543247506000,cb::admg,10150202 ,[,0,0,0,2,0,],->203060509:[1|0.0.255.0],<100001>,<0>,dmg: ,1189, ,0: 10 50 20 30,(,42.56,):,[,2439,432,2693,8226, ,],{,2092,563,3820,6001, ,},{ 埃尔菲莉丝 塞纳 赛丽艾拉 莉莉},赛丽艾拉
5248804543255821000,cb::admg,10750201 ,[,0,0,0,3,0,],->203060509:[1|0.0.255.0],<700004>,<0>,dmg: ,804, ,0: 10 50 20 30,(,43.40,):,[,2439,432,2693,4817, ,],{,2092,563,3820,5886, ,},{ 埃尔菲莉丝 塞纳 赛丽艾拉 莉莉},莉莉
5248804543256493000,cb::admg,10750201 ,[,0,0,0,3,0,],->203060509:[1|0.0.255.0],<700004>,<0>,dmg: ,458, ,0: 10 50 20 30,(,43.46,):,[,2439,432,2693,4908, ,],{,2092,563,3820,5887, ,},{ 埃尔菲莉丝 塞纳 赛丽艾拉 莉莉},莉莉
5248804543256500000,cb::admg,10750201 ,[,0,0,0,3,0,],->203060509:[1|0.0.255.0],<700004>,<0>,dmg: ,494, ,0: 10 50 20 30,(,43.46,):,[,2439,432,2693,5007, ,],{,2092,563,3820,5899, ,},{ 埃尔菲莉丝 塞纳 赛丽艾拉 莉莉},莉莉
5248804543256654000,cb::admg,10450202 ,[,0,0,0,1,0,],->203060509:[1|0.0.255.0],<400000>,<0>,dmg: ,1908, ,0: 10 50 20 30,(,43.48,):,[,2107,432,2693,5007, ,],{,1998,563,3820,5899, ,},{ 埃尔菲莉丝 塞纳 赛丽艾拉 莉莉},埃尔菲莉丝
5248804543257470000,cb::admg,10840201 ,[,0,0,0,5,0,],->203060509:[1|0.0.255.0],<800000>,<0>,dmg: ,609, ,0: 10 50 20 30,(,43.56,):,[,2107,554,2693,5007, ,],{,1998,553,3820,5899, ,},{ 埃尔菲莉丝 塞纳 赛丽艾拉 莉莉},塞纳
5248804543258643000,cb::admg,10750201 ,[,0,0,0,3,0,],->203060509:[1|0.0.255.0],<700004>,<0>,dmg: ,481, ,0: 10 50 20 30,(,43.68,):,[,2107,554,2693,1691, ,],{,1998,553,3820,5881, ,},{ 埃尔菲莉丝 塞纳 赛丽艾拉 莉莉},莉莉
5248804543258650000,cb::admg,10750201 ,[,0,0,0,3,0,],->203060509:[1|0.0.255.0],<700004>,<0>,dmg: ,467, ,0: 10 50 20 30,(,43.68,):,[,2107,554,2693,1784, ,],{,1998,553,3820,5891, ,},{ 埃尔菲莉丝 塞纳 赛丽艾拉 莉莉},莉莉
5248804543262923000,cb::admg,10840201 ,[,0,0,0,5,0,],->203060509:[1|0.0.255.0],<800001>,<0>,dmg: ,697, ,0: 10 50 20 30,(,44.11,):,[,2107,693,2693,1784, ,],{,1998,562,3820,5891, ,},{ 埃尔菲莉丝 塞纳 赛丽艾拉 莉莉},塞纳
5248804543263945000,cb::admg,10150202 ,[,0,0,0,2,0,],->203060509:[1|0.0.255.0],<191130>,<101502021>,dmg: ,6987, ,0: 10 50 20 30,(,44.21,):,[,2107,693,3377,1784, ,],{,1998,562,3836,5891, ,},{ 埃尔菲莉丝 塞纳 赛丽艾拉 莉莉},赛丽艾拉 凶猛·鲨鱼弹！
5248804543264470000,cb::admg,10450202 ,[,0,0,0,1,0,],->203060509:[1|0.0.255.0],<400001>,<0>,dmg: ,1211, ,0: 10 50 20 30,(,44.26,):,[,2113,693,3377,1784, ,],{,1990,562,3836,5891, ,},{ 埃尔菲莉丝 塞纳 赛丽艾拉 莉莉},埃尔菲莉丝
5248804543265598000,cb::admg,10150202 ,[,0,0,0,2,0,],->203060509:[1|0.0.255.0],<191130>,<101502021>,dmg: ,7593, ,0: 10 50 20 30,(,44.37,):,[,2113,693,4895,1784, ,],{,1990,562,3993,5891, ,},{ 埃尔菲莉丝 塞纳 赛丽艾拉 莉莉},赛丽艾拉 凶猛·鲨鱼弹！
5248804543265607000,cb::admg,10150202 ,[,0,0,0,2,0,],->203060509:[1|0.0.255.0],<191130>,<101502021>,dmg: ,7189, ,0: 10 50 20 30,(,44.37,):,[,2113,693,6333,1784, ,],{,1990,562,4155,5891, ,},{ 埃尔菲莉丝 塞纳 赛丽艾拉 莉莉},赛丽艾拉 凶猛·鲨鱼弹！
5248804543265614000,cb::admg,10150202 ,[,0,0,0,2,0,],->203060509:[1|0.0.255.0],<191130>,<101502021>,dmg: ,6962, ,0: 10 50 20 30,(,44.37,):,[,2113,693,7725,1784, ,],{,1990,562,4312,5891, ,},{ 埃尔菲莉丝 塞纳 赛丽艾拉 莉莉},赛丽艾拉 凶猛·鲨鱼弹！
5248804543266705000,cb::admg,10840201 ,[,0,0,0,5,0,],->203060509:[1|0.0.255.0],<800002>,<0>,dmg: ,404, ,0: 10 50 20 30,(,44.48,):,[,2113,774,7725,1784, ,],{,1990,567,4312,5891, ,},{ 埃尔菲莉丝 塞纳 赛丽艾拉 莉莉},塞纳
5248804543268901000,cb::admg,10840201 ,[,0,0,0,5,0,],->203060509:[1|0.0.255.0],<800002>,<0>,dmg: ,412, ,0: 10 50 20 30,(,44.70,):,[,2113,856,7725,1784, ,],{,1990,573,4312,5891, ,},{ 埃尔菲莉丝 塞纳 赛丽艾拉 莉莉},塞纳
5248804543274576000,cb::admg,10450202 ,[,0,0,0,1,0,],->203060509:[1|0.0.255.0],<400002>,<0>,dmg: ,2282, ,0: 10 50 20 30,(,45.27,):,[,1835,856,7725,1784, ,],{,1996,573,4312,5891, ,},{ 埃尔菲莉丝 塞纳 赛丽艾拉 莉莉},埃尔菲莉丝
5248804543274697000,cb::admg,10840201 ,[,0,0,0,5,0,],->203060509:[1|0.0.255.0],<800003>,<0>,dmg: ,1364, ,0: 10 50 20 30,(,45.28,):,[,1835,1129,7725,1784, ,],{,1996,596,4312,5891, ,},{ 埃尔菲莉丝 塞纳 赛丽艾拉 莉莉},塞纳
5248804543274703000,cb::admg,10750201 ,[,0,0,0,3,0,],->203060509:[1|0.0.255.0],<20713000>,<307502071>,dmg: ,7386, ,0: 10 50 20 30,(,45.28,):,[,1835,1129,7725,3262, ,],{,1996,596,4312,5846, ,},{ 埃尔菲莉丝 塞纳 赛丽艾拉 莉莉},莉莉 赐予清澈慈爱之力！
5248804543276381000,cb::admg,10750201 ,[,0,0,0,3,0,],->203060509:[1|0.0.255.0],<20713000>,<307502071>,dmg: ,7617, ,0: 10 50 20 30,(,45.45,):,[,1835,1129,7725,4785, ,],{,1996,596,4312,5992, ,},{ 埃尔菲莉丝 塞纳 赛丽艾拉 莉莉},莉莉 赐予清澈慈爱之力！
5248804543277549000,cb::admg,10750201 ,[,0,0,0,3,0,],->203060509:[1|0.0.255.0],<20713000>,<307502071>,dmg: ,8123, ,0: 10 50 20 30,(,45.57,):,[,1835,1129,7725,6410, ,],{,1996,596,4312,6154, ,},{ 埃尔菲莉丝 塞纳 赛丽艾拉 莉莉},莉莉 赐予清澈慈爱之力！
5248804543278687000,cb::admg,10150202 ,[,0,0,0,2,0,],->203060509:[1|0.0.255.0],<100005>,<0>,dmg: ,2482, ,0: 10 50 20 30,(,45.68,):,[,1835,1129,7238,6410, ,],{,1996,596,4243,6154, ,},{ 埃尔菲莉丝 塞纳 赛丽艾拉 莉莉},赛丽艾拉
5248804543280031000,cb::admg,10750201 ,[,0,0,0,3,0,],->203060509:[1|0.0.255.0],<20713000>,<307502071>,dmg: ,7458, ,0: 10 50 20 30,(,45.82,):,[,1835,1129,7238,7633, ,],{,1996,596,4243,6284, ,},{ 埃尔菲莉丝 塞纳 赛丽艾拉 莉莉},莉莉 赐予清澈慈爱之力！
5248804543283188000,cb::admg,10840201 ,[,0,0,0,5,0,],->203060509:[1|0.0.255.0],<800004>,<0>,dmg: ,1823, ,0: 10 50 20 30,(,46.13,):,[,1835,1372,7238,7633, ,],{,1996,624,4243,6284, ,},{ 埃尔菲莉丝 塞纳 赛丽艾拉 莉莉},塞纳
5248804543286154000,cb::admg,10150202 ,[,0,0,0,2,0,],->203060509:[1|0.0.255.0],<100000>,<0>,dmg: ,1218, ,0: 10 50 20 30,(,46.43,):,[,1835,1372,6958,7633, ,],{,1996,624,4201,6284, ,},{ 埃尔菲莉丝 塞纳 赛丽艾拉 莉莉},赛丽艾拉
5248804543286179000,cb::admg,10450202 ,[,0,0,0,1,0,],->203060509:[1|0.0.255.0],<400005>,<0>,dmg: ,2092, ,0: 10 50 20 30,(,46.43,):,[,1498,1372,6958,7633, ,],{,1992,624,4201,6284, ,},{ 埃尔菲莉丝 塞纳 赛丽艾拉 莉莉},埃尔菲莉丝
5248804543294782000,cb::admg,10150202 ,[,0,0,0,2,0,],->203060509:[1|0.0.255.0],<100005>,<0>,dmg: ,2403, ,0: 10 50 20 30,(,47.29,):,[,1498,1372,7204,7633, ,],{,1992,624,4175,6284, ,},{ 埃尔菲莉丝 塞纳 赛丽艾拉 莉莉},赛丽艾拉
5248804543296778000,cb::admg,10750201 ,[,0,0,0,3,0,],->203060509:[1|0.0.255.0],<700000>,<0>,dmg: ,1293, ,0: 10 50 20 30,(,47.49,):,[,1498,1372,7204,6916, ,],{,1992,624,4175,6090, ,},{ 埃尔菲莉丝 塞纳 赛丽艾拉 莉莉},莉莉
5248804543298103000,cb::admg,10840201 ,[,0,0,0,5,0,],->203060509:[1|0.0.255.0],<800000>,<0>,dmg: ,610, ,0: 10 50 20 30,(,47.62,):,[,1498,1183,7204,6916, ,],{,1992,618,4175,6090, ,},{ 埃尔菲莉丝 塞纳 赛丽艾拉 莉莉},塞纳
5248804543301251000,cb::admg,10750201 ,[,0,0,0,3,0,],->203060509:[1|0.0.255.0],<700001>,<0>,dmg: ,552, ,0: 10 50 20 30,(,47.94,):,[,1498,1183,7204,7026, ,],{,1992,618,4175,6044, ,},{ 埃尔菲莉丝 塞纳 赛丽艾拉 莉莉},莉莉
5248804543301259000,cb::admg,10750201 ,[,0,0,0,3,0,],->203060509:[1|0.0.255.0],<700001>,<0>,dmg: ,518, ,0: 10 50 20 30,(,47.94,):,[,1498,1183,7204,7130, ,],{,1992,618,4175,6055, ,},{ 埃尔菲莉丝 塞纳 赛丽艾拉 莉莉},莉莉
5248804543302296000,cb::admg,10840201 ,[,0,0,0,5,0,],->203060509:[1|0.0.255.0],<800001>,<0>,dmg: ,547, ,0: 10 50 20 30,(,48.04,):,[,1498,1293,7204,7130, ,],{,1992,624,4175,6055, ,},{ 埃尔菲莉丝 塞纳 赛丽艾拉 莉莉},塞纳
5248804543305254000,cb::admg,10750201 ,[,0,0,0,3,0,],->203060509:[1|0.0.255.0],<700002>,<0>,dmg: ,379, ,0: 10 50 20 30,(,48.34,):,[,1498,1293,7204,7206, ,],{,1992,624,4175,6013, ,},{ 埃尔菲莉丝 塞纳 赛丽艾拉 莉莉},莉莉
5248804543305261000,cb::admg,10750201 ,[,0,0,0,3,0,],->203060509:[1|0.0.255.0],<700002>,<0>,dmg: ,353, ,0: 10 50 20 30,(,48.34,):,[,1498,1293,7204,7276, ,],{,1992,624,4175,6020, ,},{ 埃尔菲莉丝 塞纳 赛丽艾拉 莉莉},莉莉
5248804543305272000,cb::admg,10840201 ,[,0,0,0,5,0,],->203060509:[1|0.0.255.0],<800002>,<0>,dmg: ,315, ,0: 10 50 20 30,(,48.34,):,[,1498,1356,7204,7276, ,],{,1992,626,4175,6020, ,},{ 埃尔菲莉丝 塞纳 赛丽艾拉 莉莉},塞纳
5248804543306409000,cb::admg,10750201 ,[,0,0,0,3,0,],->203060509:[1|0.0.255.0],<700002>,<0>,dmg: ,384, ,0: 10 50 20 30,(,48.45,):,[,1498,1356,7204,7192, ,],{,1992,626,4175,6014, ,},{ 埃尔菲莉丝 塞纳 赛丽艾拉 莉莉},莉莉
5248804543308857000,cb::admg,10840201 ,[,0,0,0,5,0,],->203060509:[1|0.0.255.0],<800002>,<0>,dmg: ,325, ,0: 10 50 20 30,(,48.70,):,[,1498,1299,7204,7192, ,],{,1992,628,4175,6014, ,},{ 埃尔菲莉丝 塞纳 赛丽艾拉 莉莉},塞纳
5248804543311500000,cb::admg,203060509 ,[,1,0,0,255,0,],->10750201:[0|0.0.3.0],<300210931>,<0>,dmg: ,167, ,0: 10 50 2550 20,(,48.96,):,[,0,-222,33,0, ,],{,0,-84,51,0, ,},{ 埃尔菲莉丝 塞纳  赛丽艾拉}, 莉莉 陨落熔岩
5248804543312346000,cb::admg,203060509 ,[,1,0,0,255,0,],->10840201:[0|0.0.5.0],<300210931>,<0>,dmg: ,116, ,0: 10 50 2550 20,(,49.05,):,[,0,-242,23,0, ,],{,0,-89,39,0, ,},{ 埃尔菲莉丝 塞纳  赛丽艾拉}, 塞纳 陨落熔岩
5248804543312362000,cb::admg,203060509 ,[,1,0,0,255,0,],->10150202:[0|0.0.2.0],<300210931>,<0>,dmg: ,0, ,0: 10 50 2550 20,(,49.05,):,[,0,-238,0,0, ,],{,0,-90,41,0, ,},{ 埃尔菲莉丝 塞纳  赛丽艾拉}, 赛丽艾拉 陨落熔岩
5248804543313187000,cb::admg,10450202 ,[,0,0,0,1,0,],->10450202:[0|0.0.1.0],<491110>,<104502021>,dmg: ,0, ,0: 10 50 2550 20,(,49.13,):,[,0,-238,390,0, ,],{,0,-91,243,0, ,},{ 埃尔菲莉丝 塞纳  赛丽艾拉},埃尔菲莉丝 埃尔菲莉丝 神圣决断
5248804543313198000,cb::admg,10450202 ,[,0,0,0,1,0,],->10150202:[0|0.0.2.0],<491110>,<104502021>,dmg: ,0, ,0: 10 50 2550 20,(,49.13,):,[,0,-238,0,0, ,],{,0,-90,41,0, ,},{ 埃尔菲莉丝 塞纳  赛丽艾拉},埃尔菲莉丝 赛丽艾拉 神圣决断
5248804543313203000,cb::admg,10450202 ,[,0,0,0,1,0,],->10750201:[0|0.0.3.0],<491110>,<104502021>,dmg: ,0, ,0: 10 50 2550 20,(,49.13,):,[,0,-222,33,0, ,],{,0,-84,51,0, ,},{ 埃尔菲莉丝 塞纳  赛丽艾拉},埃尔菲莉丝 莉莉 神圣决断
5248804543313209000,cb::admg,10450202 ,[,0,0,0,1,0,],->10840201:[0|0.0.5.0],<491110>,<104502021>,dmg: ,0, ,0: 10 50 2550 20,(,49.13,):,[,0,-242,23,0, ,],{,0,-89,39,0, ,},{ 埃尔菲莉丝 塞纳  赛丽艾拉},埃尔菲莉丝 塞纳 神圣决断
5248804543313345000,cb::admg,10750201 ,[,0,0,0,3,0,],->203060509:[1|0.0.255.0],<700003>,<0>,dmg: ,762, ,0: 10 50 20 30,(,49.15,):,[,1498,1299,7204,6965, ,],{,1992,628,4175,5944, ,},{ 埃尔菲莉丝 塞纳 赛丽艾拉 莉莉},莉莉
5248804543313352000,cb::admg,10750201 ,[,0,0,0,3,0,],->203060509:[1|0.0.255.0],<700003>,<0>,dmg: ,838, ,0: 10 50 20 30,(,49.15,):,[,1498,1299,7204,7132, ,],{,1992,628,4175,5961, ,},{ 埃尔菲莉丝 塞纳 赛丽艾拉 莉莉},莉莉
5248804543314658000,cb::admg,10840201 ,[,0,0,0,5,0,],->203060509:[1|0.0.255.0],<800003>,<0>,dmg: ,1082, ,0: 10 50 20 30,(,49.28,):,[,1498,1376,7204,7132, ,],{,1992,643,4175,5961, ,},{ 埃尔菲莉丝 塞纳 赛丽艾拉 莉莉},塞纳
5248804543334576000,cb::admg,10840201 ,[,0,0,0,5,0,],->203060509:[1|0.0.255.0],<800000>,<0>,dmg: ,596, ,0: 10 50 20 30,(,51.27,):,[,1498,695,7204,7132, ,],{,1992,630,4175,5961, ,},{ 埃尔菲莉丝 塞纳 赛丽艾拉 莉莉},塞纳
5248804543338059000,cb::admg,10840201 ,[,0,0,0,5,0,],->203060509:[1|0.0.255.0],<800001>,<0>,dmg: ,760, ,0: 10 50 20 30,(,51.62,):,[,1498,847,7204,7132, ,],{,1992,640,4175,5961, ,},{ 埃尔菲莉丝 塞纳 赛丽艾拉 莉莉},塞纳
5248804543342055000,cb::admg,10840201 ,[,0,0,0,5,0,],->203060509:[1|0.0.255.0],<800002>,<0>,dmg: ,425, ,0: 10 50 20 30,(,52.02,):,[,1498,932,7204,7132, ,],{,1992,643,4175,5961, ,},{ 埃尔菲莉丝 塞纳 赛丽艾拉 莉莉},塞纳
5248804543344393000,cb::admg,10750201 ,[,0,0,0,3,0,],->203060509:[1|0.0.255.0],<791010>,<107502011>,dmg: ,16654, ,0: 10 50 20 30,(,52.25,):,[,1498,932,7204,4346, ,],{,1992,643,4175,5926, ,},{ 埃尔菲莉丝 塞纳 赛丽艾拉 莉莉},莉莉 花之水晶
5248804543344402000,cb::admg,10150202 ,[,0,0,0,2,0,],->203060509:[1|0.0.255.0],<100005>,<0>,dmg: ,2591, ,0: 10 50 20 30,(,52.25,):,[,1498,932,998,4346, ,],{,1992,643,3828,5926, ,},{ 埃尔菲莉丝 塞纳 赛丽艾拉 莉莉},赛丽艾拉
5248804543345836000,cb::admg,10840201 ,[,0,0,0,5,0,],->203060509:[1|0.0.255.0],<800002>,<0>,dmg: ,412, ,0: 10 50 20 30,(,52.40,):,[,1498,1014,998,4346, ,],{,1992,646,3828,5926, ,},{ 埃尔菲莉丝 塞纳 赛丽艾拉 莉莉},塞纳
5248804543346677000,cb::admg,203060509 ,[,1,0,0,255,0,],->10450202:[0|0.0.1.0],<300202031>,<0>,dmg: ,0, ,0: 10 50 2550 20,(,52.48,):,[,0,-238,0,0, ,],{,0,-91,37,0, ,},{ 埃尔菲莉丝 塞纳  赛丽艾拉}, 埃尔菲莉丝
5248804543348176000,cb::admg,10450202 ,[,0,0,0,1,0,],->203060509:[1|0.0.255.0],<400005>,<0>,dmg: ,2040, ,0: 10 50 20 30,(,52.63,):,[,408,1014,998,4346, ,],{,1796,646,3828,5926, ,},{ 埃尔菲莉丝 塞纳 赛丽艾拉 莉莉},埃尔菲莉丝
5248804543349997000,cb::admg,10840201 ,[,0,0,0,5,0,],->203060509:[1|0.0.255.0],<800003>,<0>,dmg: ,1368, ,0: 10 50 20 30,(,52.81,):,[,408,1166,998,4346, ,],{,1796,667,3828,5926, ,},{ 埃尔菲莉丝 塞纳 赛丽艾拉 莉莉},塞纳
5248804543357284000,cb::admg,10840201 ,[,0,0,0,5,0,],->203060509:[1|0.0.255.0],<800004>,<0>,dmg: ,1824, ,0: 10 50 20 30,(,53.54,):,[,408,1358,998,4346, ,],{,1796,692,3828,5926, ,},{ 埃尔菲莉丝 塞纳 赛丽艾拉 莉莉},塞纳
5248804543358626000,cb::admg,203060509 ,[,1,0,0,255,0,],->10450202:[0|0.0.1.0],<300210931>,<0>,dmg: ,168, ,0: 10 50 2550 20,(,53.68,):,[,0,-238,33,0, ,],{,0,-91,39,0, ,},{ 埃尔菲莉丝 塞纳  赛丽艾拉}, 埃尔菲莉丝 陨落熔岩
5248804543361926000,cb::admg,203060509 ,[,1,0,0,255,0,],->10840201:[0|0.0.5.0],<300210931>,<0>,dmg: ,152, ,0: 10 50 2550 20,(,54.01,):,[,0,-242,53,0, ,],{,0,-89,38,0, ,},{ 埃尔菲莉丝 塞纳  赛丽艾拉}, 塞纳 陨落熔岩
5248804543368552000,cb::admg,10840201 ,[,0,0,0,5,0,],->203060509:[1|0.0.255.0],<800000>,<0>,dmg: ,654, ,0: 10 50 20 30,(,54.67,):,[,408,1207,998,4346, ,],{,1796,690,3828,5926, ,},{ 埃尔菲莉丝 塞纳 赛丽艾拉 莉莉},塞纳
5248804543378693000,cb::admg,10750201 ,[,0,0,0,3,0,],->203060509:[1|0.0.255.0],<700000>,<0>,dmg: ,1316, ,0: 10 50 20 30,(,55.68,):,[,408,1207,998,3594, ,],{,1796,690,3828,5584, ,},{ 埃尔菲莉丝 塞纳 赛丽艾拉 莉莉},莉莉
5248804543384007000,cb::admg,10750201 ,[,0,0,0,3,0,],->203060509:[1|0.0.255.0],<700001>,<0>,dmg: ,688, ,0: 10 50 20 30,(,56.21,):,[,408,1207,998,3731, ,],{,1796,690,3828,5544, ,},{ 埃尔菲莉丝 塞纳 赛丽艾拉 莉莉},莉莉
5248804543384013000,cb::admg,10750201 ,[,0,0,0,3,0,],->203060509:[1|0.0.255.0],<700001>,<0>,dmg: ,730, ,0: 10 50 20 30,(,56.21,):,[,408,1207,998,3877, ,],{,1796,690,3828,5557, ,},{ 埃尔菲莉丝 塞纳 赛丽艾拉 莉莉},莉莉
5248804543385540000,cb::admg,10840201 ,[,0,0,0,5,0,],->10840201:[0|0.0.5.0],<812102>,<108402011>,dmg: ,-1176, ,0: 10 50 2550 20,(,56.37,):,[,0,-235,53,0, ,],{,0,-62,38,0, ,},{ 埃尔菲莉丝 塞纳  赛丽艾拉},塞纳 塞纳 治愈海浪
5248804543385550000,cb::admg,10840201 ,[,0,0,0,5,0,],->10450202:[0|0.0.1.0],<812102>,<108402011>,dmg: ,-1126, ,0: 10 50 2550 20,(,56.37,):,[,0,-225,33,0, ,],{,0,-62,39,0, ,},{ 埃尔菲莉丝 塞纳  赛丽艾拉},塞纳 埃尔菲莉丝 治愈海浪
5248804543387119000,cb::admg,10840201 ,[,0,0,0,5,0,],->10150202:[0|0.0.2.0],<812102>,<108402011>,dmg: ,-1201, ,0: 10 50 2550 20,(,56.53,):,[,0,-240,0,0, ,],{,0,-63,41,0, ,},{ 埃尔菲莉丝 塞纳  赛丽艾拉},塞纳 赛丽艾拉 治愈海浪
5248804543387138000,cb::admg,10840201 ,[,0,0,0,5,0,],->10750201:[0|0.0.3.0],<812102>,<108402011>,dmg: ,-1128, ,0: 10 50 2550 20,(,56.53,):,[,0,-225,33,0, ,],{,0,-59,51,0, ,},{ 埃尔菲莉丝 塞纳  赛丽艾拉},塞纳 莉莉 治愈海浪
5248804543387806000,cb::admg,10750201 ,[,0,0,0,3,0,],->203060509:[1|0.0.255.0],<700002>,<0>,dmg: ,592, ,0: 10 50 20 30,(,56.59,):,[,408,1207,998,3996, ,],{,1796,690,3828,5530, ,},{ 埃尔菲莉丝 塞纳 赛丽艾拉 莉莉},莉莉
5248804543387813000,cb::admg,10750201 ,[,0,0,0,3,0,],->203060509:[1|0.0.255.0],<700002>,<0>,dmg: ,579, ,0: 10 50 20 30,(,56.59,):,[,408,1207,998,4111, ,],{,1796,690,3828,5540, ,},{ 埃尔菲莉丝 塞纳 赛丽艾拉 莉莉},莉莉
5248804543388475000,cb::admg,10750201 ,[,0,0,0,3,0,],->203060509:[1|0.0.255.0],<700002>,<0>,dmg: ,588, ,0: 10 50 20 30,(,56.66,):,[,408,1207,998,4229, ,],{,1796,690,3828,5544, ,},{ 埃尔菲莉丝 塞纳 赛丽艾拉 莉莉},莉莉
5248804543396413000,cb::admg,10750201 ,[,0,0,0,3,0,],->203060509:[1|0.0.255.0],<700003>,<0>,dmg: ,1321, ,0: 10 50 20 30,(,57.45,):,[,408,1207,998,1162, ,],{,1796,690,3828,5490, ,},{ 埃尔菲莉丝 塞纳 赛丽艾拉 莉莉},莉莉
5248804543396421000,cb::admg,10750201 ,[,0,0,0,3,0,],->203060509:[1|0.0.255.0],<700003>,<0>,dmg: ,1348, ,0: 10 50 20 30,(,57.46,):,[,408,1207,998,1432, ,],{,1796,690,3828,5514, ,},{ 埃尔菲莉丝 塞纳 赛丽艾拉 莉莉},莉莉
5248804543406048000,cb::admg,10750201 ,[,0,0,0,3,0,],->203060509:[1|0.0.255.0],<700004>,<0>,dmg: ,1022, ,0: 10 50 20 30,(,58.42,):,[,408,1207,998,1636, ,],{,1796,690,3828,5440, ,},{ 埃尔菲莉丝 塞纳 赛丽艾拉 莉莉},莉莉
5248804543407029000,cb::admg,10750201 ,[,0,0,0,3,0,],->203060509:[1|0.0.255.0],<700004>,<0>,dmg: ,600, ,0: 10 50 20 30,(,58.52,):,[,408,1207,998,1756, ,],{,1796,690,3828,5442, ,},{ 埃尔菲莉丝 塞纳 赛丽艾拉 莉莉},莉莉
5248804543407037000,cb::admg,10750201 ,[,0,0,0,3,0,],->203060509:[1|0.0.255.0],<700004>,<0>,dmg: ,586, ,0: 10 50 20 30,(,58.52,):,[,408,1207,998,1874, ,],{,1796,690,3828,5451, ,},{ 埃尔菲莉丝 塞纳 赛丽艾拉 莉莉},莉莉
5248804543408031000,cb::admg,10750201 ,[,0,0,0,3,0,],->203060509:[1|0.0.255.0],<700004>,<0>,dmg: ,590, ,0: 10 50 20 30,(,58.62,):,[,408,1207,998,1992, ,],{,1796,690,3828,5452, ,},{ 埃尔菲莉丝 塞纳 赛丽艾拉 莉莉},莉莉
5248804543408039000,cb::admg,10750201 ,[,0,0,0,3,0,],->203060509:[1|0.0.255.0],<700004>,<0>,dmg: ,574, ,0: 10 50 20 30,(,58.62,):,[,408,1207,998,2106, ,],{,1796,690,3828,5462, ,},{ 埃尔菲莉丝 塞纳 赛丽艾拉 莉莉},莉莉
5248804543414017000,cb::admg,10840201 ,[,0,0,0,5,0,],->203060509:[1|0.0.255.0],<800000>,<0>,dmg: ,599, ,0: 10 50 20 30,(,59.22,):,[,408,250,998,2106, ,],{,1796,647,3828,5462, ,},{ 埃尔菲莉丝 塞纳 赛丽艾拉 莉莉},塞纳
5248804543415303000,cb::admg,10750201 ,[,0,0,0,3,0,],->203060509:[1|0.0.255.0],<700005>,<0>,dmg: ,1496, ,0: 10 50 20 30,(,59.34,):,[,408,250,998,2406, ,],{,1796,647,3828,5420, ,},{ 埃尔菲莉丝 塞纳 赛丽艾拉 莉莉},莉莉
5248804543415314000,cb::admg,10750201 ,[,0,0,0,3,0,],->203060509:[1|0.0.255.0],<700005>,<0>,dmg: ,1527, ,0: 10 50 20 30,(,59.34,):,[,408,250,998,2711, ,],{,1796,647,3828,5446, ,},{ 埃尔菲莉丝 塞纳 赛丽艾拉 莉莉},莉莉
5248804543419980000,cb::admg,10840201 ,[,0,0,0,5,0,],->203060509:[1|0.0.255.0],<800001>,<0>,dmg: ,705, ,0: 10 50 20 30,(,59.81,):,[,408,260,998,2711, ,],{,1796,652,3828,5446, ,},{ 埃尔菲莉丝 塞纳 赛丽艾拉 莉莉},塞纳
5248804543419987000,cb::admg,10150202 ,[,0,0,0,2,0,],->203060509:[1|0.0.255.0],<100001>,<0>,dmg: ,1093, ,0: 10 50 20 30,(,59.81,):,[,408,260,218,2711, ,],{,1796,652,3362,5446, ,},{ 埃尔菲莉丝 塞纳 赛丽艾拉 莉莉},赛丽艾拉
5248804543421111000,cb::admg,10840201 ,[,0,0,0,5,0,],->203060509:[1|0.0.255.0],<800002>,<0>,dmg: ,407, ,0: 10 50 20 30,(,59.92,):,[,408,342,218,2711, ,],{,1796,658,3362,5446, ,},{ 埃尔菲莉丝 塞纳 赛丽艾拉 莉莉},塞纳
5248804543423773000,cb::admg,203060509 ,[,1,0,0,255,0,],->10150202:[0|0.0.2.0],<300202032>,<0>,dmg: ,228, ,0: 10 50 2550 20,(,60.19,):,[,0,-240,45,0, ,],{,0,-63,37,0, ,},{ 埃尔菲莉丝 塞纳  赛丽艾拉}, 赛丽艾拉
5248804543432443000,cb::admg,10750201 ,[,0,0,0,3,0,],->203060509:[1|0.0.255.0],<700000>,<0>,dmg: ,1674, ,0: 10 50 20 30,(,61.06,):,[,408,342,218,2783, ,],{,1796,658,3362,5321, ,},{ 埃尔菲莉丝 塞纳 赛丽艾拉 莉莉},莉莉
5248804543433716000,cb::admg,10840201 ,[,0,0,0,5,0,],->203060509:[1|0.0.255.0],<800000>,<0>,dmg: ,633, ,0: 10 50 20 30,(,61.19,):,[,408,468,218,2783, ,],{,1796,655,3362,5321, ,},{ 埃尔菲莉丝 塞纳 赛丽艾拉 莉莉},塞纳
5248804543437877000,cb::admg,10750201 ,[,0,0,0,3,0,],->203060509:[1|0.0.255.0],<700001>,<0>,dmg: ,920, ,0: 10 50 20 30,(,61.60,):,[,408,468,218,2449, ,],{,1796,655,3362,5289, ,},{ 埃尔菲莉丝 塞纳 赛丽艾拉 莉莉},莉莉
5248804543437886000,cb::admg,10750201 ,[,0,0,0,3,0,],->203060509:[1|0.0.255.0],<700001>,<0>,dmg: ,854, ,0: 10 50 20 30,(,61.60,):,[,408,468,218,2620, ,],{,1796,655,3362,5302, ,},{ 埃尔菲莉丝 塞纳 赛丽艾拉 莉莉},莉莉
5248804543437897000,cb::admg,10840201 ,[,0,0,0,5,0,],->203060509:[1|0.0.255.0],<800001>,<0>,dmg: ,742, ,0: 10 50 20 30,(,61.60,):,[,408,617,218,2620, ,],{,1796,662,3362,5302, ,},{ 埃尔菲莉丝 塞纳 赛丽艾拉 莉莉},塞纳
5248804543441681000,cb::admg,10840201 ,[,0,0,0,5,0,],->203060509:[1|0.0.255.0],<800002>,<0>,dmg: ,424, ,0: 10 50 20 30,(,61.98,):,[,408,702,218,2620, ,],{,1796,665,3362,5302, ,},{ 埃尔菲莉丝 塞纳 赛丽艾拉 莉莉},塞纳
5248804543441690000,cb::admg,10750201 ,[,0,0,0,3,0,],->203060509:[1|0.0.255.0],<700002>,<0>,dmg: ,582, ,0: 10 50 20 30,(,61.98,):,[,408,702,218,2618, ,],{,1796,665,3362,5279, ,},{ 埃尔菲莉丝 塞纳 赛丽艾拉 莉莉},莉莉
5248804543441697000,cb::admg,10750201 ,[,0,0,0,3,0,],->203060509:[1|0.0.255.0],<700002>,<0>,dmg: ,580, ,0: 10 50 20 30,(,61.98,):,[,408,702,218,2734, ,],{,1796,665,3362,5289, ,},{ 埃尔菲莉丝 塞纳 赛丽艾拉 莉莉},莉莉
5248804543442010000,cb::admg,10750201 ,[,0,0,0,3,0,],->203060509:[1|0.0.255.0],<700002>,<0>,dmg: ,579, ,0: 10 50 20 30,(,62.01,):,[,408,702,218,2850, ,],{,1796,665,3362,5295, ,},{ 埃尔菲莉丝 塞纳 赛丽艾拉 莉莉},莉莉
5248804543445497000,cb::admg,10840201 ,[,0,0,0,5,0,],->203060509:[1|0.0.255.0],<800002>,<0>,dmg: ,410, ,0: 10 50 20 30,(,62.36,):,[,408,784,218,2850, ,],{,1796,668,3362,5295, ,},{ 埃尔菲莉丝 塞纳 赛丽艾拉 莉莉},塞纳
5248804543449650000,cb::admg,10750201 ,[,0,0,0,3,0,],->203060509:[1|0.0.255.0],<700003>,<0>,dmg: ,1246, ,0: 10 50 20 30,(,62.78,):,[,408,784,218,2566, ,],{,1796,668,3362,5251, ,},{ 埃尔菲莉丝 塞纳 赛丽艾拉 莉莉},莉莉
5248804543449656000,cb::admg,10750201 ,[,0,0,0,3,0,],->203060509:[1|0.0.255.0],<700003>,<0>,dmg: ,1300, ,0: 10 50 20 30,(,62.78,):,[,408,784,218,2826, ,],{,1796,668,3362,5271, ,},{ 埃尔菲莉丝 塞纳 赛丽艾拉 莉莉},莉莉
5248804543450809000,cb::admg,10840201 ,[,0,0,0,5,0,],->203060509:[1|0.0.255.0],<800003>,<0>,dmg: ,1412, ,0: 10 50 20 30,(,62.89,):,[,408,1066,218,2826, ,],{,1796,684,3362,5271, ,},{ 埃尔菲莉丝 塞纳 赛丽艾拉 莉莉},塞纳
5248804543454106000,cb::admg,203060509 ,[,1,0,0,255,0,],->10150202:[0|0.0.2.0],<300210831>,<0>,dmg: ,6763, ,0: 10 50 2550 20,(,63.22,):,[,0,-240,1398,0, ,],{,0,-63,142,0, ,},{ 埃尔菲莉丝 塞纳  赛丽艾拉}, 赛丽艾拉 地狱之火
5248804543458271000,cb::admg,10840201 ,[,0,0,0,5,0,],->203060509:[1|0.0.255.0],<800004>,<0>,dmg: ,1832, ,0: 10 50 20 30,(,63.64,):,[,408,1432,218,2826, ,],{,1796,705,3362,5271, ,},{ 埃尔菲莉丝 塞纳 赛丽艾拉 莉莉},塞纳
5248804543459912000,cb::admg,10750201 ,[,0,0,0,3,0,],->203060509:[1|0.0.255.0],<700004>,<0>,dmg: ,1019, ,0: 10 50 20 30,(,63.80,):,[,408,1432,218,2355, ,],{,1796,705,3362,5202, ,},{ 埃尔菲莉丝 塞纳 赛丽艾拉 莉莉},莉莉
5248804543461246000,cb::admg,10750201 ,[,0,0,0,3,0,],->203060509:[1|0.0.255.0],<700004>,<0>,dmg: ,604, ,0: 10 50 20 30,(,63.94,):,[,408,1432,218,2476, ,],{,1796,705,3362,5201, ,},{ 埃尔菲莉丝 塞纳 赛丽艾拉 莉莉},莉莉
5248804543461252000,cb::admg,10750201 ,[,0,0,0,3,0,],->203060509:[1|0.0.255.0],<700004>,<0>,dmg: ,578, ,0: 10 50 20 30,(,63.94,):,[,408,1432,218,2591, ,],{,1796,705,3362,5210, ,},{ 埃尔菲莉丝 塞纳 赛丽艾拉 莉莉},莉莉
5248804543462720000,cb::admg,10750201 ,[,0,0,0,3,0,],->203060509:[1|0.0.255.0],<700004>,<0>,dmg: ,588, ,0: 10 50 20 30,(,64.09,):,[,408,1432,218,2709, ,],{,1796,705,3362,5207, ,},{ 埃尔菲莉丝 塞纳 赛丽艾拉 莉莉},莉莉
5248804543462727000,cb::admg,10750201 ,[,0,0,0,3,0,],->203060509:[1|0.0.255.0],<700004>,<0>,dmg: ,600, ,0: 10 50 20 30,(,64.09,):,[,408,1432,218,2829, ,],{,1796,705,3362,5217, ,},{ 埃尔菲莉丝 塞纳 赛丽艾拉 莉莉},莉莉
5248804543473367000,cb::admg,10840201 ,[,0,0,0,5,0,],->203060509:[1|0.0.255.0],<800000>,<0>,dmg: ,642, ,0: 10 50 20 30,(,65.15,):,[,408,1219,218,2829, ,],{,1796,699,3362,5217, ,},{ 埃尔菲莉丝 塞纳 赛丽艾拉 莉莉},塞纳
5248804543476662000,cb::admg,10750201 ,[,0,0,0,3,0,],->203060509:[1|0.0.255.0],<791010>,<107502011>,dmg: ,21528, ,0: 10 50 20 30,(,65.48,):,[,408,1219,218,6530, ,],{,1796,699,3362,5434, ,},{ 埃尔菲莉丝 塞纳 赛丽艾拉 莉莉},莉莉 花之水晶
5248804543486627000,cb::admg,10750201 ,[,0,0,0,3,0,],->203060509:[1|0.0.255.0],<791010>,<107502011>,dmg: ,21158, ,0: 10 50 20 30,(,66.48,):,[,408,1219,218,10427, ,],{,1796,699,3362,5671, ,},{ 埃尔菲莉丝 塞纳 赛丽艾拉 莉莉},莉莉 花之水晶
5248804543518534000,cb::admg,10750201 ,[,0,0,0,3,0,],->203060509:[1|0.0.255.0],<733001>,<107502012>,dmg: ,32347, ,0: 10 50 20 30,(,69.67,):,[,408,1219,218,15006, ,],{,1796,699,3362,5876, ,},{ 埃尔菲莉丝 塞纳 赛丽艾拉 莉莉},莉莉 冰冻之风
5248804543518540000,cb::admg,203060509 ,[,1,0,0,255,0,],->10750201:[0|0.0.3.0],<300210831>,<0>,dmg: ,8418, ,0: 10 50 2550 20,(,69.67,):,[,0,-225,1683,0, ,],{,0,-59,157,0, ,},{ 埃尔菲莉丝 塞纳  赛丽艾拉}, 莉莉 地狱之火
5248804543519442000,cb::admg,203060509 ,[,1,0,0,255,0,],->10840201:[0|0.0.5.0],<300210831>,<0>,dmg: ,5805, ,0: 10 50 2550 20,(,69.76,):,[,0,-235,1161,0, ,],{,0,-62,112,0, ,},{ 埃尔菲莉丝 塞纳  赛丽艾拉}, 塞纳 地狱之火
5248804543531213000,cb::admg,10450202 ,[,0,0,0,1,0,],->203060509:[1|0.0.255.0],<400000>,<0>,dmg: ,914, ,0: 10 50 20 30,(,70.93,):,[,182,1219,218,15006, ,],{,1345,699,3362,5876, ,},{ 埃尔菲莉丝 塞纳 赛丽艾拉 莉莉},埃尔菲莉丝
5248804543539019000,cb::admg,10450202 ,[,0,0,0,1,0,],->203060509:[1|0.0.255.0],<400001>,<0>,dmg: ,954, ,0: 10 50 20 30,(,71.72,):,[,373,1219,218,15006, ,],{,1344,699,3362,5876, ,},{ 埃尔菲莉丝 塞纳 赛丽艾拉 莉莉},埃尔菲莉丝
5248804543549122000,cb::admg,10450202 ,[,0,0,0,1,0,],->203060509:[1|0.0.255.0],<400002>,<0>,dmg: ,1661, ,0: 10 50 20 30,(,72.73,):,[,705,1219,218,15006, ,],{,1348,699,3362,5876, ,},{ 埃尔菲莉丝 塞纳 赛丽艾拉 莉莉},埃尔菲莉丝
5248804543584947000,cb::admg,203060509 ,[,1,0,0,255,0,],->10450202:[0|0.0.1.0],<300211231>,<0>,dmg: ,1720, ,0: 10 50 2550 20,(,76.31,):,[,0,-225,344,0, ,],{,0,-62,50,0, ,},{ 埃尔菲莉丝 塞纳  赛丽艾拉}, 埃尔菲莉丝 烈焰追击
5248804543651661000,cb::admg,203060509 ,[,1,0,0,255,0,],->10450202:[0|0.0.1.0],<300211031>,<0>,dmg: ,8277, ,0: 10 50 2550 20,(,82.98,):,[,0,-225,1655,0, ,],{,0,-62,145,0, ,},{ 埃尔菲莉丝 塞纳  赛丽艾拉}, 埃尔菲莉丝 红莲阵
